ID,Ball
30296,"{62469, 69645, 73230, 8723, 33327, 33328, 33332, 72761, 24130, 25154, 65099, 32846, 55378, 3156, 30296, 24156, 40549, 2665, 32880, 75892, 21621, 67703, 67709, 62077, 25216, 32896, 32898, 59521, 55956, 18583, 64671, 71334, 10940, 64702, 20166, 59593, 58070, 32990, 9960, 23789, 73985, 22792, 33049, 58138, 33053, 23327, 33065, 67372, 73521, 58675, 10043, 55617, 51016, 33110, 33114, 16219, 19291, 51039, 39281, 67954, 21364, 73593, 62330, 57730, 54147, 41349, 37773, 67983, 12187, 72092, 34719, 34738, 23475, 34739, 54710, 67002, 2491, 25532, 19948, 45559}"
67982,"{32003, 29060, 39684, 67459, 32908, 67981, 75534, 67479, 16920, 32921, 22426, 33051, 71331, 23468, 29232, 34740, 57652, 32964, 58436, 12104, 32844, 30292, 73813, 53334, 33111, 33112, 33113, 39912, 1386, 32877, 39661, 46064, 32881, 67953, 60788, 2037, 32886, 67700, 43512, 70644, 67710}"
71731,"{24066, 16900, 59908, 6538, 21514, 12300, 65552, 33553, 55826, 9243, 71835, 53534, 63007, 64290, 75568, 66098, 71731, 45882, 22081, 19778, 71874, 51271, 5835, 63307, 58319, 18137, 75994, 13147, 75995, 5725, 75996, 62431, 20474, 41447, 60777, 63468, 5102, 46967, 39544, 22010}"
33465,"{25474, 50950, 51340, 52364, 33294, 27535, 16401, 2203, 19359, 22439, 6056, 51241, 51245, 31921, 1842, 27442, 38068, 41650, 44342, 19639, 51250, 5305, 33465, 27451, 37948, 51252, 36030, 50622, 36032, 9793, 36036, 36037, 33480, 33481, 32458, 63054, 40783, 51280, 51281, 51285, 20571, 19804, 32102, 55014, 14185, 50155, 878, 72818, 31091, 31349, 31350, 31351, 31354}"
27148,"{25985, 5258, 27148, 270, 54032, 37758, 2709, 63255, 34968, 63257, 5786, 66716, 51489, 61730, 71547, 27305, 62892, 34477, 76462, 71550, 76469, 3256, 13753, 48061, 24897, 54087, 65351, 21705, 68296, 65101, 75213, 55887, 61009, 67410, 68308, 21589, 47829, 38105, 40026, 60762, 26076, 68061, 76125, 49631, 70754, 41446, 1642, 47723, 28396, 49130, 57324, 65131, 4853, 62583, 9979, 71549, 26366}"
48994,"{67330, 66947, 4874, 11662, 54419, 67347, 57494, 31898, 30620, 21661, 73631, 48161, 3362, 21539, 26276, 39333, 20007, 59946, 70187, 29356, 71979, 61234, 29235, 57910, 46137, 46138, 31678, 30916, 1862, 59334, 3017, 27980, 16205, 48204, 40655, 26071, 24539, 25440, 48994, 38246, 68455, 14699, 67563, 38637, 50034, 67447, 34936}"
34533,"{43267, 21764, 38533, 24710, 5127, 42247, 44294, 54663, 62474, 21005, 33297, 33938, 32019, 62999, 27416, 53273, 16539, 41756, 57117, 55456, 74912, 11170, 68643, 10404, 34724, 41766, 41768, 34601, 9899, 16684, 65453, 47022, 75950, 20656, 19123, 44596, 54323, 66102, 49725, 53437, 75453, 44611, 64580, 10825, 38602, 69709, 39760, 61520, 2007, 51419, 60636, 75359, 58852, 34533, 44264, 64745, 65256, 44524, 31981, 42747, 19325, 19326}"
36995,"{70149, 48653, 67087, 67088, 67105, 67109, 67110, 67111, 41513, 44, 37934, 37935, 31288, 41531, 73797, 73293, 20056, 52834, 34938, 53886, 36995, 6276, 49286, 75405, 70798, 40082, 64659, 25249, 59041, 31395, 54965, 39113, 57577, 60157, 67838, 43775, 66836, 51995, 40221, 3358, 49950, 41255, 3890, 49992, 22348, 14677, 40288, 56674, 54630, 54637, 20847, 6009, 64901, 73605, 24968, 67476, 8088, 28057, 40345, 36257, 14762, 42922, 63405, 30640, 34236, 52164, 52166, 57799, 45010, 64980, 64983, 31707, 55772, 57820, 58336, 25571, 76271}"
57580,"{9216, 27136, 47113, 19471, 14873, 17947, 2087, 21544, 49705, 68139, 49708, 68140, 68141, 68142, 68143, 49713, 68144, 68145, 72242, 36405, 57909, 13368, 70216, 48207, 49744, 10336, 10339, 10340, 10341, 43646, 60544, 13962, 42642, 21666, 13490, 3259, 11494, 57580, 13562, 45307, 35586, 65285, 41230, 76061, 46371, 36645, 47400, 58664, 54573, 54574, 68400, 45883, 9036, 6480, 10588, 43880, 32107, 71531, 75627, 18288, 56700, 21379, 23434, 1428, 75668, 68507, 75675, 68509, 71600, 71603, 37317, 20955, 75231, 60901, 37357, 37358, 37359, 37360, 49136, 61943}"
33127,"{41344, 45699, 24964, 55045, 47623, 71433, 33931, 38667, 21517, 38669, 39694, 47888, 56075, 24722, 9747, 30484, 46739, 49302, 56078, 60817, 68246, 73492, 70811, 68636, 15517, 13469, 62751, 30755, 30756, 39972, 46883, 12839, 55208, 68646, 55210, 4268, 14124, 55214, 55215, 6452, 64436, 55222, 72887, 31547, 20540, 55228, 65803, 62786, 66885, 67402, 22475, 23244, 75339, 65486, 25171, 9941, 19542, 20565, 43222, 47192, 25179, 34779, 72544, 54369, 17125, 65766, 33127, 54124, 57452, 1395, 34419, 58739, 14072, 4601}"
70790,"{25984, 641, 45957, 70790, 45959, 45321, 13453, 70159, 69648, 56598, 55196, 70814, 55199, 66208, 70560, 53027, 44586, 48683, 32941, 30639, 12467, 48948, 4406, 56630, 53560, 6844, 70205, 56510, 52415, 57920, 24900, 24901, 24904, 39752, 66378, 41549, 70096, 58066, 70098, 48981, 51670, 46680, 58072, 12251, 46687, 41827, 39016, 62184, 23018, 51435, 71148, 71021, 75760, 22129, 47221, 32121, 44794, 14459}"
48854,"{57474, 62339, 44548, 9991, 35083, 49419, 18829, 44430, 38291, 42003, 68245, 10263, 71960, 16794, 43035, 65694, 65057, 23458, 26403, 52390, 54951, 50474, 47407, 73906, 52659, 52277, 58549, 75061, 64314, 32702, 28990, 46400, 51138, 9283, 10819, 63810, 40006, 45514, 40140, 40524, 56012, 62925, 54096, 57680, 73719, 84, 48854, 68321, 35172, 41700, 747, 61676, 24558, 41455, 64496, 63477, 47862, 28791, 11515}"
59052,"{21376, 73729, 37777, 59415, 45464, 64793, 72599, 39336, 59052, 38701, 72109, 49711, 45872, 60218, 60219, 60220, 60221, 67645, 58697, 53579, 37325, 66127, 37203, 54869, 25688, 36187, 56417, 74472, 34415, 73969, 57208, 15993, 33146, 70139, 28540}"
27933,"{46466, 30469, 10505, 45835, 49548, 57230, 3220, 36244, 52116, 51863, 61466, 2461, 27933, 62500, 71973, 20390, 68396, 4275, 42935, 73787, 73918, 17728, 3905, 3906, 3907, 3908, 3525, 3909, 4934, 44867, 76229, 42954, 60235, 10573, 32724, 62687, 2154, 6767, 15215, 10355, 6260, 69621, 45820}"
211,"{4740, 26122, 33292, 45201, 56981, 7064, 16921, 4890, 22687, 68004, 32421, 38569, 15021, 56366, 56500, 2486, 25654, 5562, 24507, 7227, 51390, 23488, 45376, 68035, 56265, 73296, 211, 5334, 36054, 31193, 73340, 2148, 9445, 45797, 68456, 61033, 20204, 49005, 31217, 60018, 66035, 4852, 13172, 30070, 54775, 64885, 37756, 12797}"
5325,"{15362, 27396, 43017, 27403, 28812, 65678, 28431, 57359, 60432, 60434, 64144, 71696, 38421, 46229, 1054, 2208, 19233, 31008, 52770, 63140, 26534, 23207, 1704, 74280, 14890, 59691, 59692, 27698, 63667, 73397, 29750, 63673, 67131, 21437, 34749, 48062, 3138, 29380, 27335, 328, 33225, 13642, 56649, 75719, 5325, 14417, 67154, 51155, 46036, 29272, 17369, 51929, 23260, 10717, 61540, 26853, 69734, 24679, 2280, 617, 24940, 48497, 44921, 74618, 47995, 9085}"
13123,"{60808, 17801, 49545, 26507, 66569, 75657, 53137, 52754, 40979, 9364, 20376, 42392, 49179, 52381, 19231, 5663, 66719, 37923, 52011, 35885, 40240, 50097, 19256, 75704, 2490, 56384, 70209, 13123, 28355, 50504, 54476, 27600, 50387, 42073, 43098, 74977, 59747, 33124, 26342, 69864, 28267, 17260, 59501, 70388, 38134, 6776, 17403, 54140, 70143}"
6150,"{34306, 6150, 71176, 42530, 50734, 55, 20538, 59453, 34888, 15440, 24672, 19047, 58984, 14981, 37000, 37514, 141, 37519, 23698, 21660, 19104, 41134, 38575, 73904, 57522, 21683, 41149, 56018, 37592, 68324, 62182, 1258, 30954, 61678, 72948, 76532, 54006, 65283, 67335, 74505, 74508, 28433, 38163, 55061, 33046, 55064, 26905, 26907, 52000, 48417, 68401, 317, 68928, 16204, 38734, 60252, 49002, 51059, 54645, 53128, 62859, 75666, 37783, 70553, 1958, 37287, 75178, 48556, 75181, 42417, 38834, 18370, 1991, 22985, 65483, 1493, 64994, 24549, 58855, 68594, 2551}"
53269,"{20993, 63109, 58124, 53135, 43920, 63120, 13970, 63121, 53269, 75132, 56730, 37531, 35867, 42492, 13214, 61597, 66721, 74021, 40873, 58537, 65326, 71473, 21426, 49075, 75828, 42933, 49845, 36792, 57144, 72888, 39611, 65339, 23747, 41412, 48068, 48324, 60487, 65350, 65353, 61004, 65358, 21200, 338, 4947, 28503, 60377, 60761, 24288, 33760, 36832, 44640, 57825, 60643, 68838, 57703, 37097, 54252, 64364, 32764}"
36528,"{64768, 51713, 72452, 21388, 59790, 10901, 74391, 7832, 18201, 1278, 11682, 21410, 71341, 62894, 36528, 59700, 12478, 50507, 2129, 40803, 30437, 18662, 24172, 28140, 57458, 30330, 65403, 22141, 35838}"
6139,"{11521, 37890, 58628, 48389, 48391, 48392, 29324, 23954, 45845, 44566, 60183, 60317, 28702, 1311, 43174, 36519, 43175, 41651, 5813, 71605, 68023, 5692, 61888, 28865, 197, 24518, 12495, 68432, 32854, 42839, 32252, 25437, 64092, 66140, 67678, 19426, 62179, 49127, 67307, 13805, 4975, 70004, 6139, 11004}"
51300,"{1280, 67464, 25353, 63498, 73226, 5388, 74765, 39822, 51343, 62097, 56855, 50459, 40603, 73128, 73261, 40628, 33848, 25161, 50761, 40651, 19919, 63828, 53592, 40408, 41179, 51300, 75517, 4606}"
25333,"{18944, 24577, 7231, 31808, 48703, 41548, 16995, 43621, 34918, 60017, 42613, 59518, 14978, 66705, 47255, 28835, 12454, 69807, 46768, 66738, 61108, 10934, 49335, 58041, 37055, 69839, 9424, 25298, 57046, 14552, 57054, 10978, 63214, 30450, 69874, 25333, 49404, 40703, 34051, 19722, 46350, 10518, 15126, 37154, 37155, 37157, 60710, 37159, 48940, 66370, 57155, 44368, 57169, 57178, 71014, 50538, 24943, 24945, 24947, 24949, 47478, 71034, 44411, 71037, 49537, 58256, 55192, 56221, 49567, 49568, 12706, 49570, 47532, 28085, 60345, 56262, 75725, 25583, 44019, 2557}"
7900,"{39180, 56852, 48023, 2071, 17694, 3620, 2477, 12211, 44855, 29762, 20549, 11722, 75599, 50384, 75600, 30043, 7900, 13411, 68071, 32874, 71149, 68341, 75126, 44666, 70911}"
4028,"{38535, 38541, 59153, 49298, 36500, 3221, 4647, 58792, 47529, 18609, 58290, 73399, 39096, 48955, 4028, 41917, 14013, 7740, 72385, 72387, 73285, 61510, 61383, 36296, 49737, 49741, 58832, 30805, 48089, 58073, 61789, 36578, 58851, 48488, 50419, 42490}"
71437,"{71437, 29200, 68885, 75542, 17560, 3099, 16668, 33056, 22434, 52386, 4260, 39716, 52387, 19368, 62255, 61232, 36913, 44209, 76216, 36156, 63036, 39486, 22207, 59070, 32711, 36937, 41929, 74697, 24652, 39118, 5711, 69206, 1111, 42717, 9316, 4837, 51432, 5353, 36605, 62057, 65130, 35310, 23280, 53234, 60915, 58997, 54776, 2301}"
74745,"{3974, 62475, 2573, 38157, 72338, 43042, 36134, 27824, 61491, 44468, 56247, 67255, 28863, 70851, 61386, 70477, 11727, 19025, 35287, 52317, 11360, 24166, 5226, 7277, 61564, 753, 70903, 74745, 50300, 73853, 55935}"
7376,"{55170, 61188, 11016, 12809, 63497, 61325, 63504, 59799, 64152, 29082, 60699, 16669, 66730, 4787, 68157, 13247, 838, 20810, 67022, 7376, 49619, 45398, 39896, 2532, 18534, 18408, 9450, 12010, 22265}"
54683,"{62476, 62477, 62478, 54671, 912, 54673, 37266, 67343, 71574, 54679, 39707, 54683, 35490, 71335, 71336, 23851, 19500, 34475, 44971, 32303, 66990, 61370, 72442, 13628, 15421, 37821, 12098, 12099, 29378, 30405, 41797, 16711, 63690, 55375, 44624, 50386, 36563, 67668, 13144, 4952, 26075, 27355, 60891, 72671, 72672, 37858, 31719, 57323, 23278, 37103, 70510, 57331, 54261, 70393, 23418, 3963, 33916, 31741, 33535}"
18622,"{10885, 40205, 26771, 7977, 57265, 64949, 26555, 39869, 18622, 29120, 48064, 47298, 64714, 48460, 210, 3925, 12379, 61026, 59876, 6253, 22395}"
75922,"{55044, 41864, 7050, 63757, 39823, 400, 13200, 10642, 75922, 34966, 59671, 22425, 45468, 18080, 27808, 75554, 25895, 70698, 70700, 23600, 10546, 47029, 63288, 12857, 64830, 58946, 11846, 32200, 60750, 36688, 5585, 34385, 3155, 36689, 2133, 41425, 17880, 32090, 64346, 70621, 23137, 45027, 32228, 18791, 23274, 22512, 19314, 28146, 56823, 30329, 65276}"
56718,"{40961, 52100, 68100, 2311, 39047, 68105, 56718, 16274, 71186, 28312, 70041, 11936, 59170, 23079, 37672, 36521, 62505, 59181, 65198, 65199, 68016, 75826, 32691, 38198, 56760, 43705, 19515, 54206, 70208, 16577, 69829, 63558, 50120, 10319, 22480, 45519, 73554, 62677, 49622, 68182, 2011, 3036, 59105, 27106, 60003, 27495, 57575, 9578, 11754, 21867, 56944, 64245, 13302, 15863, 56827, 19455}"
65026,"{66560, 65026, 65029, 36231, 73095, 38927, 66557, 63122, 58259, 63123, 64279, 64156, 70180, 74404, 51622, 75050, 7085, 46253, 55349, 8758, 39094, 73526, 8761, 41021, 51774, 39103, 39105, 25155, 65347, 57669, 65348, 72135, 19273, 51017, 33355, 63948, 61005, 23122, 69970, 47828, 63956, 65115, 31580, 30429, 24413, 20573, 30431, 41822, 65116, 74463, 11493, 57702, 19434, 67820, 61293, 62959, 35193, 64637}"
43389,"{43392, 43394, 24196, 39428, 2057, 8714, 51857, 34578, 25470, 34580, 60435, 73747, 70303, 12449, 15009, 64161, 75948, 43189, 46517, 75451, 43390, 23491, 35141, 2886, 1738, 36431, 50768, 52730, 53331, 69081, 52698, 74203, 39799, 43385, 43386, 43388, 43389, 31486}"
9046,"{57732, 41606, 41607, 39565, 1318, 10539, 71342, 72238, 22192, 58419, 63027, 39221, 47926, 63028, 71423, 71992, 48699, 33087, 71361, 21831, 76, 48720, 56661, 9046, 17879, 51030, 56662, 56664, 56161, 75645, 21246, 63615}"
28269,"{58113, 36610, 60929, 58116, 64387, 60553, 29836, 45841, 56466, 16025, 31386, 8092, 61980, 2975, 6963, 34484, 10300, 27713, 67780, 28485, 43333, 43849, 43601, 2517, 41302, 51925, 48858, 6243, 15716, 31331, 16487, 6376, 26983, 28651, 28269, 1006, 21489, 4212, 73461, 33654, 1143, 36857, 43006}"
40001,"{66049, 68626, 68627, 68628, 68629, 45463, 4376, 75931, 18462, 4129, 45481, 44210, 36284, 33726, 15296, 40001, 42048, 40263, 67149, 68816, 69712, 58836, 8282, 76507, 73054, 73696, 73061, 72295, 69098, 24559, 69110, 68350, 68351}"
10359,"{63617, 62472, 39433, 73108, 1061, 70053, 25004, 22062, 51504, 6845, 60223, 21825, 28232, 48336, 42966, 25829, 39406, 54254, 63478, 10359, 74488, 36986, 58619, 63485}"
65144,"{45953, 59651, 50308, 70668, 2701, 51344, 19090, 6548, 73114, 70427, 22685, 66974, 56735, 4385, 29347, 1700, 58020, 30842, 12201, 48554, 21676, 72878, 46257, 64433, 42805, 73271, 42936, 11961, 50490, 52927, 42949, 54598, 50376, 34505, 48458, 4811, 57544, 67535, 3027, 12372, 59091, 69462, 10199, 10200, 10201, 38746, 47833, 8924, 40668, 26848, 45283, 68580, 13542, 16742, 70122, 3053, 11885, 19822, 67311, 65144, 44025, 6522, 2558, 3327}"
21888,"{21888, 74502, 74504, 62345, 72076, 74509, 74512, 53526, 50967, 59428, 38568, 62377, 42026, 11820, 74285, 43441, 33973, 29879, 74424, 74432, 50115, 44872, 29515, 9936, 10456, 51928, 28250, 69853, 65375, 20832, 69471, 75237, 70886, 30439, 66408, 74983, 5994, 4976, 48244, 55157, 29430, 74357, 74358, 66169}"
46099,"{131, 18194, 46099, 61208, 37405, 44069, 9254, 12716, 57004, 2867, 75326, 33088, 49733, 8778, 11087, 3026, 60627, 1379, 870, 59240, 7153}"
19493,"{43010, 11020, 66578, 51219, 45081, 50461, 50719, 19493, 60965, 18471, 37928, 35243, 48183, 48185, 17212, 38460, 45503, 55364, 36422, 29386, 62030, 25679, 60753, 66129, 73811, 58582, 87, 64090, 60765, 9061, 59109, 75240, 55917, 11119, 61040, 67697, 1781, 23797, 12665, 30715, 15996}"
47510,"{44546, 24580, 73738, 21009, 2075, 44577, 44579, 71723, 5681, 10809, 19002, 34362, 1615, 16975, 48721, 29280, 19554, 11880, 5227, 49261, 22135, 43641, 20608, 70800, 53393, 51351, 11423, 53408, 74913, 26788, 74947, 42713, 12510, 55518, 7908, 50918, 74982, 74988, 40174, 40176, 40177, 74992, 245, 22262, 75004, 28414, 11009, 10498, 64259, 38149, 12568, 2330, 52507, 26399, 58149, 56631, 7993, 71499, 55632, 36180, 11111, 43887, 15749, 9099, 47510, 36773, 54713, 67531, 13776, 7635, 70102, 68056, 68576, 71140, 34286, 8687, 40947}"
34588,"{73745, 32215}"
4838,"{18313, 43150, 64655, 7571, 72214, 3611, 58779, 62876, 41518, 5040, 30517, 59829, 28088, 64441, 9280, 1229, 58192, 34013, 19293, 38368, 29924, 22885, 4838, 2160, 11639, 18939}"
58632,"{70535, 58632, 6797, 2958, 11668, 67605, 51231, 25632, 29983, 68003, 68005, 68013, 695, 70865, 27350, 21085, 16250, 72679, 76144, 38010}"
22849,"{60800, 25857, 260, 35845, 67336, 35601, 66193, 59155, 22, 31640, 42904, 37018, 60313, 60449, 24738, 60833, 71079, 32555, 33325, 46767, 70324, 5821, 22849, 8770, 14156, 71372, 50000, 37973, 6746, 45146, 61533, 24159, 5856, 18400, 26989, 56561, 18556, 36734, 32639}"
49498,"{5123, 22660, 4742, 71686, 5004, 37006, 11920, 21142, 10776, 48922, 12707, 48429, 61617, 9780, 45752, 6330, 70598, 19655, 51785, 8654, 49498, 26845, 3555, 6629, 44521, 14826, 1907, 68088, 46335}"
62319,"{9997, 40080, 10388, 62615, 4888, 40985, 8987, 28325, 12974, 2935, 12086, 15031, 58039, 16315, 957, 5056, 25153, 67655, 19018, 28234, 5071, 14288, 17361, 64340, 16859, 60001, 43751, 12009, 11246, 62319, 38513, 12146, 11895, 72057, 71419, 68860, 36990}"
40410,"{24194, 5645, 5647, 40467, 41492, 46998, 1434, 43676, 24613, 61605, 73894, 68266, 64247, 55726, 689, 74679, 17729, 10435, 63176, 43852, 22608, 40410, 69594, 24925, 47837, 72798, 65505, 6370, 14691, 16610, 36452, 22374, 52716, 3565, 71663, 29681, 5618, 35441, 33140, 38514, 25718, 54133, 66552, 11769, 74737, 72827, 40061}"
51502,"{75018, 37644, 37517, 15374, 51094, 41881, 53274, 55066, 29, 23968, 7075, 15396, 57637, 18342, 9767, 39465, 72234, 31789, 51502, 1970, 53683, 67767, 4795, 18492, 7487, 57796, 11077, 29637, 4554, 72954, 33743, 58064, 50513, 36184, 3289, 36185, 39262, 4831, 14176, 19044, 26860, 40942, 26863, 30832, 20851, 48373, 67574, 10615, 38009, 30714}"
18375,"{9346, 19335, 25751, 37274, 28445, 38685, 68894, 36514, 69418, 8108, 48557, 62131, 38970, 11965, 18375, 44487, 25162, 38740, 52438, 858, 42209, 5866, 25326, 43886, 20338, 7925, 3967, 23161, 9469, 17279}"
51112,"{13952, 69120, 72591, 15120, 70167, 43432, 48168, 51112, 23467, 60456, 60459, 61358, 76466, 39475, 24503, 66743, 37562, 28861, 66627, 9412, 62405, 15818, 63050, 71370, 76362, 24786, 40540, 23774, 43620, 66416, 58100, 70005, 57209, 55418, 71548, 25215}"
34951,"{64640, 50819, 64644, 66821, 74756, 34951, 64648, 48267, 38796, 59917, 61969, 11414, 60312, 67865, 67866, 67867, 61731, 61097, 60460, 3888, 36656, 52147, 63155, 32055, 37692, 14397, 45374, 37697, 34754, 17732, 22600, 49224, 63433, 13131, 64716, 48333, 68689, 12884, 48725, 73177, 21851, 49116, 14047, 64735, 2273, 75489, 68069, 52454, 46184, 2537, 69745, 68345, 65915, 68349}"
61470,"{5760, 20229, 63624, 7305, 56207, 3090, 40980, 18455, 51095, 61470, 13216, 26915, 66468, 32680, 7468, 36657, 14515, 7482, 7485, 43967, 7106, 1730, 52167, 25166, 12754, 30940, 43486, 10463, 2528, 65762, 24954, 49787}"
52774,"{54912, 47233, 68609, 13700, 59653, 40583, 59655, 9225, 40585, 58516, 3989, 28181, 64150, 66325, 40601, 14748, 61983, 4130, 66979, 52774, 16297, 1708, 33708, 46254, 74030, 62128, 59698, 32308, 35893, 58679, 46405, 46023, 12878, 23252, 11741, 37470, 22495, 48736, 55005, 64605, 68830, 42341, 62063, 5623, 46971, 12028}"
28176,"{22145, 73090, 5380, 261, 4358, 7813, 50958, 28176, 31506, 33810, 51475, 57874, 66837, 35479, 25368, 69272, 10523, 49952, 29352, 38696, 46893, 48813, 69294, 50611, 31030, 17217, 27073, 58435, 51015, 23120, 48852, 44504, 35043, 60004, 62947, 21480, 10094, 10990, 2288, 2800, 11634, 24435, 74479, 74865, 62455, 8696, 27385}"
33752,"{74626, 3593, 20361, 13323, 28554, 45708, 50957, 64650, 68750, 51858, 44819, 66451, 5909, 76438, 70551, 72602, 59422, 44191, 30240, 48163, 29865, 72747, 42166, 25015, 49977, 49217, 22597, 23493, 54471, 67792, 47185, 59985, 19027, 42836, 11094, 33752, 67807, 74335, 48867, 5478, 39526, 43752, 48487, 49769, 65769, 30574, 21999, 42223, 45425, 32754, 47475, 15092, 17780, 56820, 70514, 22649, 71162, 51581, 35198, 50431}"
34753,"{3328, 57984, 45827, 8326, 18830, 33934, 14481, 4626, 56471, 55576, 41626, 8219, 6043, 66970, 671, 55585, 39331, 7077, 18983, 33320, 34855, 44844, 4013, 39214, 46511, 1586, 60468, 15419, 39229, 42302, 13759, 34753, 45892, 25670, 5834, 3406, 76239, 40400, 33618, 64722, 61525, 60888, 48730, 50652, 42719, 27744, 23268, 73319, 47082, 20077, 26221, 28910, 36592, 8049, 38894, 62705, 43636, 59124, 43128, 16511}"
67005,"{31233, 75024, 70038, 43803, 43805, 43806, 43807, 43808, 46497, 43810, 43813, 57513, 23723, 59701, 67005, 20928, 30673, 50260, 34648, 27499, 64367, 43376, 22513, 36210, 65777, 37244, 43772}"
66690,"{66690, 32008, 34698, 38159, 665, 797, 64030, 60447, 19253, 37179, 22972, 9410, 4420, 24134, 43208, 29002, 52300, 10450, 26216, 15850, 1003, 71659, 31990, 39166}"
62781,"{28035, 26117, 59912, 31499, 58892, 35216, 30609, 75285, 67991, 49304, 13337, 62108, 23714, 73646, 35449, 12468, 62781, 67267, 61896, 38473, 73800, 25419, 60880, 48340, 18006, 67031, 74202, 20827, 3419, 26462, 51684, 2535, 3818, 26862, 5487, 23663, 66421, 23673, 35578}"
34920,"{67203, 2820, 35205, 35206, 1423, 68495, 63763, 6939, 927, 32545, 20264, 44584, 47149, 75900, 66865, 49587, 27316, 35068, 35125, 34487, 35126, 65469, 34495, 61247, 34497, 34499, 74692, 57415, 57417, 57421, 63053, 39132, 46556, 19424, 73440, 8162, 36962, 38371, 9957, 73441, 44519, 34920, 34921, 34922, 23148, 29938, 20345, 31228, 35070, 10879}"
3838,"{21443, 29668, 59172, 4298, 31179, 2796, 42890, 54539, 71340, 28754, 28339, 21972, 60819, 68724, 27258, 11356, 3838, 6911}"
38538,"{39296, 9473, 52993, 72069, 40326, 75781, 38538, 57867, 20364, 47889, 40981, 74262, 535, 34456, 56345, 29092, 57126, 36904, 36905, 24746, 53288, 36142, 30258, 32690, 56885, 14527, 64703, 27586, 71108, 3144, 9801, 38090, 38091, 38092, 38093, 38094, 39756, 208, 38097, 60237, 38100, 856, 66011, 33756, 70875, 31966, 74459, 20066, 39778, 39783, 19690, 38126, 38128, 39282, 72697, 55674}"
75053,"{60814, 40722, 65170, 33173, 27291, 52128, 75055, 75057, 75058, 9920, 25415, 3272, 72904, 68556, 38733, 39121, 63442, 16851, 14685, 10721, 5474, 37473, 54119, 37864, 62698, 6642}"
51657,"{75401, 62604, 2317, 62613, 22424, 46363, 65181, 51359, 62880, 33185, 20005, 23855, 40371, 35514, 46267, 7748, 51657, 30415, 49872, 73041, 17107, 35166, 17247, 72543, 71143, 31727, 66037, 28413}"
11612,"{18600, 11338, 72339, 54599}"
49906,"{45314, 53635, 12804, 46597, 31238, 24203, 58127, 23441, 40470, 53786, 45595, 46749, 66847, 40099, 6820, 46372, 64166, 64167, 58152, 36914, 61238, 41918, 58686, 26816, 9798, 19917, 34255, 67409, 14427, 56160, 27365, 72296, 26094, 76016, 30065, 49906, 12405, 5624}"
50571,"{16517, 67207, 18184, 50571, 53004, 36751, 26898, 4115, 48416, 54050, 74277, 6314, 76206, 73903, 27314, 20279, 73145, 66618, 56636, 42310, 60236, 69328, 13522, 55257, 47197, 62312, 16498, 62323, 37236, 56183, 64760, 30207}"
44954,"{4739, 24714, 140, 74132, 32026, 38427, 44954, 41123, 59818, 19898, 7868, 44736, 5701, 41938, 28249, 14429, 6749, 1252, 72170, 72172, 75244, 34158, 73583, 65914, 53887}"
43664,"{65922, 29445, 50181, 50188, 40975, 43279, 36369, 43664, 11158, 19862, 49305, 30618, 11035, 55449, 11301, 15782, 34856, 27434, 28466, 6204, 4159, 22337, 4035, 37828, 47427, 50246, 10311, 35143, 41164, 56785, 70744, 46174, 31841, 62690, 22117, 57966, 63608, 15865, 1917}"
42163,{3252}
5689,"{27904, 22786, 34569, 10385, 69777, 34323, 19092, 12310, 69400, 3737, 11930, 43552, 6433, 41262, 1455, 5689, 69064, 5579, 63179, 7117, 74956, 71375, 8401, 48594, 991, 39903, 52064, 10595, 8292, 15331, 33253, 231, 232, 36200, 62820, 10097}"
44830,"{68418, 51398, 5482, 71543, 36379}"
53778,"{40960, 48896, 60160, 8324, 58372, 54924, 66957, 45070, 63247, 53778, 275, 1173, 50837, 65562, 19741, 66210, 46500, 49318, 58406, 66600, 4139, 35506, 49336, 59450, 63419, 4924, 25920, 76096, 46917, 56779, 17357, 68174, 22486, 56670, 52351, 56928, 49634, 30054, 10472, 3312, 10224, 10228, 18932, 9078, 53876, 2683, 11519}"
60823,"{28549, 2823, 15370, 74892, 50838, 60823, 19224, 20761, 38426, 20378, 64676, 42667, 50608, 16049, 75444, 75445, 75446, 54605, 51022, 58707, 54740, 24405, 55640, 44263, 58728, 73447, 20587, 64638, 36735}"
44478,"{51969, 12930, 18691, 42242, 52998, 17672, 55048, 68104, 22411, 59412, 50686, 12588, 71422, 20148, 72246, 13369, 19513, 44478, 39106, 52295, 73423, 31440, 5586, 11134, 66274, 40935, 5096, 61288, 9967, 67312, 25203, 64121, 26618, 45309, 39038}"
55423,"{74753, 57351, 32393, 56590, 11412, 20391, 23719, 18730, 75647, 47032, 14906, 65594, 69948, 71485, 26303, 17088, 20799, 30018, 69951, 49732, 69955, 8652, 32333, 67151, 64598, 69975, 53081, 69977, 69979, 75867, 47965, 74341, 46058, 2671, 29552, 25329, 44277, 37366, 75125, 3966, 55423}"
61399,"{10883, 45192, 42506, 72843, 11032, 60441, 45981, 50344, 37417, 45994, 39862, 59192, 73912, 42174, 30143, 36288, 4801, 62911, 70214, 28231, 21320, 33224, 17228, 32975, 40785, 72918, 61399, 11865, 19546, 66907, 43622, 38251, 55788, 56948, 68983, 18808, 53114, 55807}"
57878,"{65924, 19977, 12430, 32534, 57878, 18330, 62237, 45727, 51873, 46629, 63527, 42674, 66996, 10165, 15932, 50625, 33346, 51523, 73548, 1744, 61906, 55268, 5095, 13673, 3563, 66923, 15981, 22006, 42998, 44280, 21374}"
27398,"{27398, 56717, 59538, 47765, 18841, 55458, 33966, 60720, 36025, 64575, 27212, 62028, 42703, 20560, 52051, 8277, 47836, 27623, 64237, 6510, 34169, 24442, 44287}"
12116,"{22669, 41998, 23950, 69774, 40081, 71830, 36631, 38558, 70561, 58660, 58277, 44330, 16299, 63915, 69036, 45615, 64049, 69938, 19382, 34743, 68346, 16707, 58565, 1359, 9937, 12116, 52182, 64342, 70233, 51035, 37726, 70892, 1262, 70126, 67572, 74740, 67575, 68344, 21881, 49530, 68219, 68221, 26494, 68223}"
18729,"{75000, 52740, 13701, 5259, 48148, 49945, 8602, 40987, 14493, 42404, 44709, 4006, 8488, 11432, 18729, 8875, 47530, 52520, 21678, 52907, 75688, 71346, 36277, 36406, 28983, 22584, 23544, 40761, 64951, 71733, 76029, 3646, 69183, 44609, 59202, 4422, 53319, 62536, 73673, 2253, 32591, 13520, 10193, 57424, 58447, 18772, 40276, 62545, 64600, 68952, 12508, 42333, 990, 49502, 5605, 31589, 42214, 62952, 73320, 30443, 748, 69501, 67695, 59634, 30963, 44788, 62322, 2936, 4857, 54269, 63870, 3071}"
67007,"{23554, 21253, 58629, 30984, 58888, 11788, 12303, 5264, 14225, 37648, 73489, 14228, 39701, 8470, 41238, 74008, 74009, 74010, 70046, 54946, 71848, 68010, 57899, 39980, 74794, 58544, 64819, 51892, 51000, 32825, 66749, 19391, 67007, 43463, 58569, 58570, 40396, 57934, 68558, 1489, 13521, 24530, 32849, 64721, 22616, 71519, 76005, 22630, 1383, 47975, 72683, 25071, 74229, 57592, 57593, 37498, 51069}"
34984,"{8327, 10760, 19720, 20874, 21643, 15756, 31500, 75532, 7570, 65945, 804, 34984, 51368, 37932, 35246, 49200, 39346, 61749, 23222, 18105, 15545, 18107, 73402, 39230, 56254, 70335, 57667, 23492, 16197, 20038, 68167, 42825, 22474, 62923, 8397, 1614, 15438, 62672, 61653, 75352, 30425, 63712, 42467, 23783, 48104, 53224, 54257, 25213}"
73277,{34209}
68389,"{44545, 75266, 29061, 45574, 1040, 56979, 39316, 22805, 43412, 66968, 66972, 30625, 42916, 68389, 69540, 7593, 59051, 64833, 74440, 74442, 33519, 45552, 51439, 75252, 56056, 71420}"
52978,"{34050, 43011, 53503, 63365, 11787, 28427, 42769, 29205, 2455, 17176, 31003, 16541, 67230, 58016, 61604, 2093, 44464, 12346, 61882, 15810, 29128, 61132, 65874, 68306, 23639, 32473, 60897, 74340, 52978, 54898, 6015}"
32815,"{2954, 14092, 38285, 10126, 64142, 26002, 30743, 57631, 4001, 62506, 30638, 32814, 32815, 57778, 44089, 35268, 35652, 34762, 36813, 14287, 75474, 11091, 40403, 10083, 35429, 41190, 60906, 41330, 41333, 36470, 36471, 29306, 19451, 44158}"
73076,"{7938, 12806, 71431, 27019, 27022, 62101, 28056, 35487, 48290, 67241, 43307, 71597, 2735, 65327, 66740, 40758, 1719, 34488, 74039, 51258, 60987, 47425, 65857, 62155, 73803, 63566, 66128, 15572, 19669, 13016, 71644, 28893, 20702, 71391, 483, 50533, 33384, 33385, 26859, 28652, 45292, 18926, 11504, 66544, 68467, 73076, 22776, 40315}"
65964,"{54016, 47873, 47627, 5774, 34960, 55444, 49430, 67095, 75044, 47660, 65964, 66607, 66353, 54066, 66611, 39744, 47811, 53065, 69837, 42323, 38484, 55254, 71382, 41437, 64989, 47586, 22373, 52331, 66029, 76269, 50162, 61685, 54904, 63484, 60286, 39551}"
47348,"{42232, 68225, 47750, 45068, 7438, 17790, 26410, 2733, 38066, 76085, 68408, 43070, 3518, 72774, 52092, 31309, 40787, 32729, 11499, 35951, 70129, 47348, 45432, 27900, 41726}"
52822,"{67872, 26530, 32020}"
57823,"{7362, 5283, 25860, 46311, 25641, 34201, 43468, 43538, 50227, 26036, 52403, 17399, 729, 49658, 57823}"
8458,"{4482, 68998, 5895, 6920, 8458, 42891, 11407, 41747, 18196, 56595, 55579, 55963, 46624, 24615, 17576, 2985, 40624, 14648, 63547, 24388, 65734, 46279, 68166, 31689, 33354, 3662, 64079, 68175, 25559, 40791, 23643, 2782, 45406, 50399, 31333, 5608, 57579, 4204, 39918, 70384, 71152, 5748, 10872, 50425, 62843}"
43640,"{33380, 48149, 59191, 3226, 13210}"
2629,"{3457, 29697, 17931, 1932, 5134, 38416, 58385, 61201, 54550, 74135, 58527, 21536, 2595, 59048, 17578, 53041, 22582, 48055, 67638, 60729, 30654, 9407, 2629, 76490, 76491, 16591, 10064, 11479, 61273, 28890, 2652, 58976, 67938, 32359, 74482, 17784, 55037, 28287}"
66950,"{66950, 15644, 31528, 23727, 53811, 37557, 63290, 62906, 40127, 6084, 6341, 26574, 12763, 4189, 52074, 57837, 62960, 58104, 9468}"
63338,"{23425, 15877, 33413, 4238, 924, 54684, 50980, 60330, 41008, 41138, 4664, 29632, 30147, 59203, 46925, 58068, 36183, 35289, 63338, 2157, 24301, 5616, 14193, 42227, 57588, 39160}"
25205,"{22657, 33537, 34561, 60803, 42379, 12051, 32662, 54173, 43422, 31146, 27702, 57527, 73786, 21821, 3773, 25034, 61771, 29900, 44750, 31184, 26069, 24792, 40793, 2016, 50272, 40035, 56163, 2029, 9458, 8948, 25205, 15355}"
74,"{12482, 20679, 74, 42730, 14348, 52426, 29520, 40914, 244, 30389, 21815, 2138, 14974}"
3407,"{8832, 35202, 38918, 61958, 22793, 73481, 75661, 45726, 36254, 56737, 59432, 2858, 41009, 73661, 68543, 64194, 68034, 3407, 31712, 43366, 6121, 746, 66032, 73073}"
38751,"{7681, 5509, 57863, 58376, 68874, 45199, 58645, 59173, 29354, 57005, 36910, 68277, 20922, 69059, 17476, 1867, 45135, 24150, 65147, 30172, 75741, 38751, 2144, 39777, 25567, 65250, 25076, 63867, 57724}"
67855,"{72194, 71942, 70792, 51595, 67855, 6929, 63251, 66707, 70422, 8870, 47142, 69426, 72247, 66104, 72248, 66234, 62398, 31425, 45250, 74438, 12620, 52943, 18775, 22493, 38113, 18659, 32101, 69872, 71024, 64628, 41465, 66556}"
2729,"{9986, 30597, 3466, 66954, 33296, 69140, 69911, 74623, 24730, 42527, 36640, 53919, 20130, 62117, 4903, 2729, 51509, 46390, 36537, 1466, 62654, 968, 46026, 31699, 22869, 46297, 71771, 32734, 43231, 22634, 67439, 4208, 58487, 8187, 9087}"
2193,"{66176, 66177, 56203, 64524, 3085, 4110, 2193, 50458, 30882, 30886, 42414, 69559, 314, 42561, 62017, 21964, 7253, 41048, 36060, 37214, 61411, 22381, 75380}"
30103,"{8580, 10757, 67338, 33803, 526, 6543, 5008, 6032, 4882, 63889, 57748, 17559, 26776, 30103, 33443, 4024, 18494, 66881, 708, 44741, 3782, 27975, 73928, 41545, 17227, 30923, 20691, 37977, 35950, 49390, 4082, 26738, 26363}"
68650,"{4737, 6690, 34403, 13639, 27080, 68650, 30605, 16270, 34223, 54061, 63021, 1813, 8856, 58458, 49339, 18526}"
15293,"{27008, 65668, 35335, 26001, 37395, 57373, 72733, 21024, 64937, 68394, 41517, 56367, 67377, 15293, 3395, 14917, 57927, 6344, 33482, 49756, 31587, 19172, 46052, 5606, 17128, 59884, 65389, 43761, 4856, 9853, 33534}"
73355,"{45568, 72192, 30472, 73355, 62991, 144, 22800, 14101, 16278, 58650, 29853, 62883, 64803, 42152, 10544, 59440, 22322, 70704, 21685, 47158, 9272, 30265, 36924, 49468, 24385, 75713, 31043, 23495, 44105, 44106, 44107, 20045, 24654, 44239, 44240, 7890, 26579, 11092, 44242, 52950, 13911, 30168, 69721, 42589, 616, 21224, 44907, 3056, 3959, 2937, 23036}"
48233,"{58496, 66567, 27786, 57871, 5648, 60947, 66580, 10647, 40473, 52511, 16804, 33317, 60711, 4264, 56106, 47659, 54190, 54193, 2874, 51963, 55109, 12998, 27334, 27595, 66251, 72908, 44665, 61396, 41559, 36573, 14557, 24547, 74596, 48233, 29674, 54260, 47351, 2808, 8185, 66554, 25083}"
40537,"{65153, 16907, 55307, 59669, 50718, 22179, 8996, 12197, 31653, 54949, 70441, 9263, 23216, 3634, 34872, 18879, 62272, 71494, 48463, 42708, 40537, 44133, 16618, 17898, 22133}"
218,"{54153, 920, 45979, 2587, 46365, 26787, 52008, 3258, 3519, 47940, 16461, 5838, 27477, 38358, 25561, 218, 55136, 31075, 13931, 38651}"
7359,"{10241, 13057, 22659, 37010, 34836, 61467, 39209, 13484, 33457, 58038, 24632, 7359, 12481, 75585, 48067, 21706, 10447, 60632, 6620, 15839, 46312, 51049, 1770, 28275, 49524, 13942}"
11597,"{19586, 60034, 46473, 5773, 35088, 30355, 33705, 57897, 68395, 51759, 20789, 31542, 26812, 10179, 4677, 11597, 38998, 6743, 42457, 36190, 17508, 14054, 14954, 25841, 58614, 6007, 2046}"
43550,"{42712, 56640, 4796}"
37100,"{62180, 3080, 32970, 37100, 5614, 17103, 44528, 62226, 47736, 7453}"
34758,"{5378, 4372, 62996, 3233, 10273, 33699, 42657, 24869, 806, 58146, 58530, 20018, 41781, 22334, 28609, 67521, 34758, 25932, 21709, 1106, 17108, 61524, 21724, 50530, 54251, 3564, 33261, 45548, 33777, 54262, 21247}"
1858,"{642, 8194, 10373, 6027, 10896, 36755, 2453, 15640, 1440, 59178, 4399, 46774, 3127, 1858, 38727, 23498, 26314, 6096, 61649, 21975, 43742, 23393, 43364, 59752, 10859, 9331, 21877, 69239, 17528}"
61345,"{66066, 61335, 61337, 75418, 61340, 61342, 61599, 61345, 61347, 18748, 73664, 31426, 50525, 43623, 3945, 43755, 49264, 53109, 74998, 49662}"
46842,"{20108, 22431, 42656, 49576, 6448, 15284, 42548, 19649, 27342, 2898, 16858, 74717, 42207, 65407, 121, 46842, 28795, 2045, 35583}"
17710,"{3336, 56329, 28042, 72201, 22796, 25103, 29206, 72217, 56739, 59693, 17710, 21680, 25397, 21056, 37185, 29122, 17605, 12236, 37326, 39506, 39507, 39508, 39509, 8663, 46810, 69338, 56542, 21603, 45029, 6890, 4605, 16638}"
24864,"{23296, 59648, 58884, 2054, 29839, 5778, 25363, 56086, 60442, 24864, 64164, 29227, 4019, 73779, 5558, 24892, 24395, 31564, 71507, 56919, 22488, 23385, 11609, 59483, 45276, 48764, 1889, 11874, 15715, 20065, 29544, 73323, 21102, 73331, 50678, 21753, 24699, 27388, 59646, 59647}"
8994,"{44193, 28207, 48722, 61332, 38200, 55897, 6846}"
21842,"{15239, 4235, 12812, 7310, 29198, 61200, 3346, 8467, 10516, 45843, 53908, 27671, 5913, 25883, 33820, 40092, 44331, 21934, 36529, 9268, 62776, 26302, 10944, 8272, 21842, 8919, 859, 2783, 479, 14817, 51936, 58596, 1381, 1641, 236, 56815, 36478}"
36121,"{26705, 45397}"
48599,"{21504, 44929, 56216, 63011, 39466, 1710, 5551, 20794, 73147, 42684, 451, 22596, 51658, 17872, 26581, 48599, 39641, 49370, 1898, 10350, 8178, 40946, 64243, 30072, 51451}"
45467,"{12953, 55562, 24669, 60463}"
1427,"{12544, 33922, 55441, 1427, 53268, 9365, 66848, 807, 4524, 14892, 28844, 694, 16212, 58719, 64993, 63979, 17647, 5753, 4094}"
36169,"{17281, 4229, 58764, 69004, 13335, 24473, 14623, 31775, 674, 16934, 11957, 11190, 58294, 61493, 43578, 50362, 49085, 20032, 74049, 53571, 34760, 36169, 19914, 17748, 5590, 19289, 47707, 42204, 10333, 9694, 10848, 27491, 30820, 68965, 74219, 73324, 24685, 33517, 19056, 17137, 37877, 38007, 19576, 36479}"
37656,"{39680, 63745, 49924, 58886, 51975, 16910, 48911, 70287, 69523, 59670, 37656, 3355, 50587, 11167, 55583, 64033, 63397, 22054, 4904, 30767, 44592, 64943, 63794, 60467, 66863, 31926, 66998, 22457, 44864, 27973, 966, 19145, 3162, 23133, 15197, 74979, 35944, 35945, 7791, 72049, 49783, 62328, 19835, 6014}"
5940,"{70019, 53253, 45067, 8849, 68759, 19608, 50200, 68250, 40859, 1563, 6817, 12194, 41257, 73388, 50993, 5940, 31285, 58167, 65861, 42569, 40020, 19676, 62559, 4195, 26347, 31346, 381, 42098, 38902, 23415, 10877, 29823}"
30956,"{6275, 18307, 65033, 25869, 20367, 67355, 49822, 2342, 26022, 31408, 15409, 72627, 7990, 74168, 36409, 35131, 39742, 10692, 71, 14283, 9164, 16459, 12625, 73938, 30035, 56020, 23254, 54494, 1503, 31074, 25700, 30956, 59372, 31475, 3317, 33529, 44789, 22904, 19193, 30973}"
9842,"{36481, 48385, 4998, 38155, 27027, 6677, 30870, 15269, 8359, 49709, 2351, 53170, 10419, 44087, 34365, 30531, 11589, 18373, 22471, 28233, 71243, 7257, 3936, 11620, 28398, 9842, 18546, 13684, 43892, 64754, 11642, 18684, 54911}"
12854,"{19716, 48773, 36615, 16909, 74125, 18575, 72463, 30998, 20375, 65047, 53530, 47133, 75294, 48159, 72865, 52902, 66599, 6057, 1706, 15401, 12854, 1346, 27217, 5591, 23002, 5339, 44762, 43229, 29535, 26464, 22369, 41829, 63077, 11239, 24296, 22505, 34799, 28272, 24819, 42355, 62071, 10233, 36346, 38139, 29436, 30719}"
203,"{60416, 68097, 28939, 29457, 35476, 35733, 6935, 34457, 21283, 38948, 66343, 16552, 41896, 58794, 66345, 58540, 4397, 23597, 41902, 49325, 37425, 26163, 309, 37430, 15800, 60602, 4674, 62793, 203, 44237, 34002, 21591, 30169, 70367, 13155, 4071, 56042, 1005, 4847, 64753, 14195, 5369, 57722}"
42382,"{773, 19717, 65427, 19222, 55320, 52512, 63778, 11688, 73517, 19250, 39986, 44727, 66237, 55487, 42822, 30921, 70987, 53453, 61648, 71124, 75222, 5984, 63589, 68841, 74857, 13675, 48885}"
11329,"{59267, 64389, 6791, 25609, 19980, 26258, 4755, 35986, 36883, 46483, 15639, 65173, 30361, 21533, 4765, 16286, 32933, 74918, 30383, 10420, 57145, 1084, 13373, 59198, 4033, 50635, 43727, 8273, 11602, 13524, 47445, 59870, 73694, 65894, 18929, 24180, 23032, 11770, 62335}"
18915,"{41952, 18915, 27108}"
62452,"{28676, 73349, 18573, 7185, 45457, 45459, 61586, 55333, 60199, 11180, 25137, 46902, 29882, 18106, 11590, 15305, 55881, 11468, 27475, 40790, 23400, 57454, 62452, 55165, 39294}"
71792,"{32352, 57297}"
16996,"{3590, 23051, 41362, 43927, 31513, 7709, 14368, 71725, 34485, 52920, 54587, 47168, 41154, 37069, 25550, 27216, 23635, 31059, 10965, 20566, 61790, 53602, 44395, 74603, 18931, 25335}"
72556,"{49036, 25872, 65425, 71954, 46867, 46100, 71955, 69783, 67480, 67481, 67483, 63260, 11678, 67495, 56361, 43822, 43187, 16568, 49081, 48189, 29246, 62526, 62527, 65739, 41933, 67282, 43861, 32858, 62557, 45151, 16864, 53215, 53216, 53217, 72559, 72560, 28021, 16887, 34937, 69882, 5755, 62588, 62590}"
5923,"{46851, 31621, 40329, 40973, 35598, 66938, 3216, 23056, 61073, 8090, 43291, 59163, 14750, 45985, 21667, 44710, 9257, 47401, 58409, 55852, 10797, 47790, 68910, 68911, 73899, 19379, 7369, 5066, 75724, 62546, 22742, 37207, 72031, 46563, 2795, 9579, 33387, 59632, 57329, 22132, 34298, 8188, 52606}"
26127,"{774, 45455, 35091, 31511, 66083, 42276, 13733, 16170, 811, 19758, 25524, 46906, 29244, 50236, 2110, 2882, 28743, 3402, 68557, 16340, 63063, 61409, 49015, 24186}"
64491,"{65544, 52494, 42128, 22421, 71576, 47513, 51227, 62619, 51230, 18723, 65575, 70833, 4402, 13106, 59963, 53445, 6088, 35529, 52427, 70222, 1367, 71901, 70496, 37604, 52068, 36584, 44270, 21488, 58360, 29183}"
15101,"{14240, 50338, 22951, 47816, 72095, 8554, 62158, 62930, 51027, 10421, 18521, 34778, 10395, 63359}"
56982,"{13824, 43024, 58001, 11666, 41749, 59925, 54298, 31259, 52123, 54300, 41246, 69275, 50977, 57891, 28964, 59942, 45097, 64561, 70067, 17076, 71351, 2881, 23238, 62918, 61518, 54863, 57168, 34136, 37849, 37850, 37848, 37852, 62812, 27871, 16875, 60780, 60909, 36975, 14064, 62068, 10871, 67962, 68475}"
3768,"{16128, 50304, 37513, 54674, 35475, 8596, 34196, 34197, 1561, 60954, 8861, 57757, 29859, 10150, 33318, 60712, 76328, 60212, 74933, 18486, 24504, 7736, 48828, 72638, 74559, 64193, 47556, 48197, 65738, 24523, 15692, 40910, 24527, 15058, 12627, 48213, 64992, 69728, 33890, 7910, 50406, 23657, 58349, 1009, 64633, 26492, 48255}"
3133,"{20611, 72067, 11534, 2447, 64664, 39196, 16029, 26013, 32285, 65692, 11043, 67620, 3365, 26537, 72495, 10032, 11312, 49459, 58932, 72756, 65206, 33210, 13371, 18751, 32704, 67775, 68165, 36679, 51021, 23504, 21841, 54736, 23636, 49109, 59350, 66133, 2648, 68180, 70870, 15965, 68829, 4963, 61285, 14694, 3305, 19179, 72171, 53997, 58607, 45296, 17522, 36348, 57854, 1151}"
24065,"{24065, 61217, 43875, 57764, 57275, 62950, 66154, 27501, 65901, 13810, 44020, 54676, 10134, 22681, 27099}"
71968,"{71968, 31588}"
17364,"{9609, 57233, 21271, 5149, 30239, 17185, 58018, 1325, 53429, 32577, 64065, 61254, 12107, 72653, 14935, 9305, 4443, 357, 61945, 5884}"
45812,{40968}
68106,"{24708, 15365, 20231, 73098, 26385, 1816, 1560, 38439, 45487, 58677, 3642, 72253, 45513, 14538, 57080, 63704, 4058, 54236, 35552, 72033, 76009, 12394, 10347, 72303, 59888, 30705, 40305, 68597, 15224, 57082}"
50243,"{73539, 14406, 68212, 17786, 56445}"
27245,"{21256, 39050, 1803, 50956, 1176, 59416, 2331, 17821, 8865, 47397, 40742, 33703, 39208, 5427, 10423, 24378, 18112, 50241, 22983, 2248, 32459, 2511, 3153, 48987, 56923, 24799, 27233, 31969, 71009, 70500, 50535, 73450, 53745, 37748}"
50046,"{52736, 65152, 48387, 50947, 23046, 50056, 48907, 70669, 48910, 67471, 67472, 11795, 67477, 38810, 31130, 53791, 72991, 27940, 49956, 11942, 13695, 52772, 47915, 70575, 33715, 55862, 67511, 67512, 67513, 60090, 4540, 53053, 50496, 53705, 48970, 23243, 76364, 48974, 32336, 7251, 57941, 13914, 5598, 73438, 41208, 36193, 75875, 61924, 48743, 48746, 49517, 43119, 18290, 76531, 21368, 76533, 35704, 52731, 48381, 33919}"
782,"{16395, 24719, 26131, 72215, 59547, 28975, 9528, 43838, 64832, 39490, 55751, 20040, 52552, 16076, 49868, 55764, 17002, 8943, 67315, 63604}"
52744,"{39712, 52744, 53261, 20249, 31548}"
58859,"{24769, 49211, 49214, 49038, 49040, 49233, 54460, 49213, 49235, 49208, 49146, 49147, 49212, 49149, 49150}"
66180,"{31138, 13987, 37028, 46119, 17194, 3251, 8501, 34117, 51654, 25288, 73288, 7499, 31315, 8022, 727, 31320, 8662, 28271, 14704, 25330, 12917}"
63513,"{24705, 58374, 45194, 67339, 2060, 27021, 70028, 70030, 37779, 57107, 36885, 32922, 48543, 36898, 38180, 68773, 38054, 10151, 40104, 59315, 21689, 7353, 14651, 27963, 61371, 75841, 59459, 55620, 27974, 39367, 44358, 28489, 333, 45008, 12499, 45141, 59351, 45145, 11611, 37468, 31968, 4835, 44390, 66285, 39154, 32115, 59507, 2677, 53370, 37499, 44926}"
46240,"{31489, 71297, 30344, 38283, 42380, 59536, 24088, 18329, 10527, 50341, 16038, 11053, 25781, 28734, 37963, 12111, 58588, 18028, 71670, 44791}"
24487,"{25488, 24487}"
47043,"{3586, 62094, 57108, 8857, 4638, 9887, 7334, 66728, 38580, 41526, 21956, 75206, 24007, 17608, 55499, 4557, 18008, 68827, 352, 6880, 31848, 5356, 26736, 67187, 67188, 63607, 35576, 28923}"
11279,"{73988, 4230, 11272, 36873, 67850, 48268, 16272, 25360, 27152, 29715, 2586, 56602, 28704, 29605, 57767, 11436, 40373, 68154, 13755, 9662, 59582, 29381, 16587, 25804, 20949, 42709, 59865, 11100, 28895, 56929, 34285, 13040, 31859}"
46554,"{40168, 62531, 54355}"
72078,"{57376, 11012, 59269, 41478, 42153, 26667, 30830, 54319, 29968, 38591, 56495, 72078, 38551, 12504, 7225, 46396, 27711}"
70017,"{46602, 67978, 56720, 51985, 68890, 32672, 42144, 56869, 75173, 45737, 45739, 5548, 61105, 63798, 33593, 45627, 72379, 50116, 56389, 4038, 30919, 45645, 46034, 45656, 66776, 23386, 52186, 16860, 64733, 35422, 63204, 39654, 69748, 47866}"
70733,"{7426, 1157, 72198, 56461, 21902, 69011, 21012, 69912, 51357, 21407, 72869, 30378, 30380, 10672, 56112, 24882, 15422, 39616, 36549, 46416, 10705, 53585, 56660, 12253, 57824, 56551, 29289, 59629, 53625, 72957, 60159}"
24561,"{44162, 50823, 67080, 58122, 53643, 54540, 65418, 45976, 4634, 10154, 19249, 19767, 41925, 25287, 29000, 65868, 26580, 3414, 29018, 29019, 62945, 64356, 36456, 4462, 37233, 5363}"
43067,"{28706, 44891, 1828, 60453, 25362, 54547, 51134, 5048, 9273, 43067, 4158, 18399}"
40905,"{72068, 44935, 2444, 44436, 24600, 72344, 5150, 41129, 69033, 3245, 57007, 47157, 48821, 67254, 19130, 40635, 63047, 33609, 40905, 54477, 37076, 53716, 61788, 64483, 32356, 69222, 13031, 73062, 56681, 30187, 49771, 53361, 48371}"
40888,"{67772, 40888, 34907, 188, 49501, 31519}"
58096,"{42369, 53640, 36508, 6172, 17822, 42653, 42782, 46368, 16675, 18596, 13097, 73260, 33839, 43702, 30785, 36161, 41803, 42068, 31189, 28502, 56276, 42714, 42076, 42077, 61665, 49510, 44648, 22377, 54761, 62572, 15597, 27634, 64626, 29308}"
55557,"{20247, 31641, 6432, 58793, 2346, 7599, 38964, 29365, 28471, 21559, 35128, 24638, 14666, 26700, 11096, 18009, 34139, 21351, 22636, 1777, 64757, 40183, 31226, 46076, 29950}"
50352,"{688, 50352, 37614, 21952}"
46356,"{17472, 26753, 46912, 33667, 57475, 62402, 47176, 47145, 18189, 1870, 46354, 57882, 46356, 7093, 57205, 30935, 46874, 46910}"
32695,"{7658, 29474, 32695}"
54945,"{18588, 14880, 54945, 3500, 66733, 16051, 43958, 5819, 29371, 76091, 30277, 37322, 29005, 62935, 51546, 22492, 1250, 54503, 62183, 48761}"
54504,"{32386, 43780, 53766, 3726, 16528, 24209, 69392, 72980, 72854, 20633, 40218, 20636, 1949, 7070, 25500, 43932, 1570, 22051, 63396, 15400, 56236, 66862, 22589, 68285, 1599, 14402, 69974, 19164, 17632, 55265, 13796, 17253, 11622, 17381, 8427, 11115, 55282, 60404, 51447, 19832}"
59688,"{38793, 4365, 45980, 37920, 6561, 34867, 3381, 36407, 36408, 69432, 12476, 74556, 42819, 26057, 39114, 24011, 22732, 36819, 15205, 51322, 54652, 16893, 35582, 37887}"
31610,"{19072, 16145, 15895, 46877, 10526, 4261, 3765, 15927, 25917, 60735, 11331, 33097, 587, 589, 41423, 70481, 64728, 49499, 32731, 72030, 55391, 36194, 61667}"
11038,"{16657, 3733, 75423, 37665, 6819, 73381, 5672, 62897, 48566, 53821, 15681, 2685, 43726, 64974, 45906, 53110, 38396, 1021, 2687}"
47612,{36561}
37885,"{47878, 4240, 46992, 25110, 37020, 61724, 30751, 10535, 31017, 170, 30765, 34098, 9399, 10172, 16194, 38597, 17351, 7368, 49482, 11855, 3409, 28501, 38873, 15078, 38769, 49777, 7674, 30461}"
56871,"{56871, 46957, 57102, 11796, 23829, 61495}"
13620,"{57986, 37382, 16903, 35468, 55069, 36897, 61346, 22695, 49833, 57771, 36403, 55988, 27835, 68158, 31170, 61511, 29902, 49112, 25178, 57832, 7150, 66168, 11903}"
50141,{50141}
34126,"{37377, 16004, 16133, 58639, 26389, 40984, 15516, 36512, 45472, 16930, 56996, 10663, 53415, 68524, 39983, 8880, 16310, 56122, 19901, 25151, 38085, 15315, 18650, 25307, 12008, 45803, 16493, 23149, 59757, 36976, 52084, 34294, 1789}"
55519,{55519}
34483,"{33440, 37510, 8266, 37290, 70573, 40943, 42863, 34483}"
3625,"{67329, 25865, 73105, 22674, 41620, 75926, 54943, 39969, 39842, 33319, 32683, 2992, 75824, 31414, 49343, 49471, 22079, 63682, 70472, 30670, 62036, 30681, 61915, 41315, 62570, 61941, 47482, 41211, 40189}"
32203,"{42240, 42368, 42753, 61447, 50696, 18705, 70290, 9496, 54438, 52009, 38316, 18742, 76094, 61249, 67784, 72271, 981, 60374, 48471, 21083, 72673, 66019, 24550, 69224, 6639, 44917, 57974}"
15587,"{36353, 47755, 32794, 1565, 7710, 67745, 31272, 38825, 52776, 7595, 49207, 37946, 9023, 35012, 39365, 24647, 21192, 73033, 7504, 3551, 38245, 52712, 3308, 5233, 13686, 68603, 25980}"
7138,"{636, 39174, 42512, 48658, 17815, 30104, 33179, 50590, 3621, 33574, 12717, 1582, 27950, 11317, 50627, 44870, 3145, 25165, 45015, 26970, 66667, 48110, 21233, 37489, 39538, 28924, 6133, 73080, 58745, 36732}"
41305,"{40850, 47894, 34711, 28695, 24093, 29984, 68906, 24781, 54993, 40788, 50389, 41305, 71390, 56804, 8806, 54246, 60007, 55789, 45680, 69232, 66043, 22398}"
55399,"{30213, 18310, 23822, 25724, 55958, 27303, 48065, 15698, 76371, 342, 4711, 67432, 72937, 15723, 21875, 18165, 57973, 48887, 32120, 7291, 32380}"
228,"{57860, 2964, 38295, 33047, 31771, 9500, 36007, 32297, 9772, 6701, 48301, 38705, 15026, 25019, 73410, 70467, 65239, 19803, 8287, 2152, 6251, 28653, 10610, 11640}"
58795,"{3, 53516, 33680, 1438, 13730, 22946, 62244, 72229, 16816, 36280, 6586, 33602, 43459, 68548, 64710, 22473, 33101, 19278, 30934, 4441, 5721, 52957, 19682, 13539, 53604, 13925, 23788, 4333, 33132, 61548, 41717, 60158}"
1834,"{15872, 50305, 73990, 8078, 32664, 33816, 8476, 68008, 7221, 15542, 34231, 49466, 65850, 72250, 12623, 64467, 49621, 39382, 59478, 58216, 48880, 33787}"
65724,"{65724, 65727}"
41337,"{14977, 46305, 47524, 15941, 6726, 26182, 2697, 5933, 58610, 50714, 65332, 70549, 10294, 43864, 90, 54491}"
3378,"{28290, 25091, 51589, 11675, 44965, 32300, 48303, 2866, 50483, 48822, 32441, 32209, 3411, 25308, 55523, 48997, 31979, 19450, 53758, 51455}"
10616,{27348}
45525,"{73358, 48272, 57877, 44054, 53910, 54189, 66617, 41914, 31293, 52043, 47052, 61010, 45525, 57431, 71000, 13276, 35933, 26849, 62836, 15862}"
32267,"{2768, 32267}"
58095,"{52748, 24213, 60827, 13488, 53561, 22331, 48322, 28871, 37706, 28883, 10071, 40033, 50660, 19045, 13158, 13550, 15985, 12153, 37119}"
31527,"{20057, 47139, 66855}"
6594,"{48097, 51788, 903}"
35371,"{27681, 10754, 12771, 29090, 62081, 3081, 36011, 41163, 3599, 36015, 46385, 35826, 19700, 67380, 47798, 76026, 16795, 69532}"
49308,{54131}
39917,"{47108, 12165, 39687, 40457, 8081, 19729, 39827, 43924, 61461, 46616, 51610, 51741, 7073, 69282, 64035, 70957, 10932, 24629, 45238, 56628, 20664, 61751, 52923, 52926, 71998, 55872, 52931, 47942, 9042, 61784, 14683, 24670, 27743, 63594, 34411, 18800, 39537, 28915, 44534, 24823, 10363, 43647}"
30823,"{45830, 64136, 20362, 19851, 51083, 62091, 30747, 8091, 65564, 64682, 52143, 16560, 44976, 51251, 20282, 4541, 10558, 31055, 5329, 43605, 10070, 58709, 5085, 67040, 58081, 46947, 20724, 75637, 75639}"
15633,"{15633, 19854}"
51775,"{55937, 47683, 23748, 7143, 51047, 75753, 66476, 47503, 74416, 59442, 71986, 22612, 73557, 48921, 51098, 72699, 60510}"
4105,"{9731, 46353, 19604, 59811, 3372, 44973, 11315, 18238, 45249, 7363, 52419, 41038, 27610, 57182, 41703, 5489, 18161, 7667, 20342, 56182, 41081, 31613, 34430}"
52140,"{33285, 37501, 26386, 75676, 29088, 54177, 34852, 76197, 66214, 38188, 44972, 37555, 15035, 44988, 51771, 36159, 45120, 37953, 1095, 46792, 30282, 30283, 36812, 36178, 2525, 49758, 35556, 65129, 33518, 47214, 65137, 8180, 65142, 7927, 41849, 45050, 14075, 37500, 36733}"
68526,"{832, 543, 43479, 37373, 43423}"
17505,"{25248, 16737, 25827, 42275, 25669, 47480, 34375, 62600, 58825, 55435, 7800, 41714, 4629, 29207, 1912, 65721, 55581}"
10390,{58557}
54022,"{8033, 32609, 32676, 31993, 43300, 65541, 5736, 64013, 69584, 44017, 38550, 64151, 73846, 5337, 53595, 10876, 69533, 6590}"
3985,{3985}
47017,"{58242, 54151, 58222, 26802, 22490}"
29801,"{56838, 64392, 39058, 10652, 62238, 21027, 35107, 33702, 33578, 25394, 36915, 45746, 33333, 16827, 73804, 973, 978, 58593, 62954, 25323}"
12549,"{60180, 60133}"
15231,"{39942, 15498, 13966, 29971, 8854, 2335, 53927, 1835, 812, 3375, 74031, 4046, 55246, 51158, 33628, 12384, 28512, 23143, 10731, 48621, 7536, 44276}"
72875,"{72875, 72261}"
9922,"{30272, 42637, 49029}"
27912,"{26424, 20143, 33000, 10951}"
50121,"{70268, 36613, 28811, 71947, 30994, 49684, 51607, 795, 10140, 23197, 43293, 15647, 70055, 36520, 7722, 4029, 25028, 69063, 50121, 21198, 8913, 35796, 14037, 62678, 28119, 31332, 64108, 33904, 36084, 53623, 25851, 24444, 10621}"
6712,"{71426, 71430, 23432, 138, 23958, 30105, 74783, 74784, 74785, 42149, 37419, 47792, 51121, 34103, 31032, 76088, 27965, 10432, 39874, 43460, 47429, 10569, 66638, 8016, 26586, 20445, 37346, 37222, 26603, 12155}"
7182,"{22565, 7182}"
64915,"{880, 975}"
25636,"{49925, 36362, 26005, 49178, 66203, 34078, 22560, 40754, 12984, 38201, 4928, 41026, 6982, 47064, 15836, 12902, 40044, 63725, 41966, 8433, 14580}"
64018,"{61252, 30955, 64018, 57853, 26079}"
65896,"{8481, 15460, 34916, 63941, 12807, 49927, 3241, 15882, 32841, 65896, 67304, 51694, 41167, 13943, 36286}"
18294,"{3776, 62342, 72650, 9707, 38860, 3601, 14674, 18294, 17242}"
1080,"{60418, 56880, 983, 1080, 1052, 383}"
56839,"{68865, 19463, 37641, 28302, 38806, 60964, 14375, 2345, 64047, 28092, 76477, 28608, 31040, 43080, 34508, 4429, 62798, 73164, 51033, 75866, 45403, 8939, 42093, 19960, 53113}"
34025,"{10144, 25217, 5476, 36484, 65893, 9065, 34025, 16941, 20397, 1167, 48279, 67391}"
18209,"{45186, 36743, 67467, 8204, 74893, 19602, 60948, 46613, 61080, 19097, 72216, 7579, 48029, 7841, 11809, 4004, 19371, 10030, 62518, 14394, 22204, 711, 51533, 47188, 40920, 61793, 10213, 61690, 71535, 75503, 14577, 39162, 61694}"
61374,"{61362, 50815}"
24763,{50570}
5031,"{31682, 5031, 12777, 45482, 19083, 51413, 1117, 36446}"
57746,"{57746, 58868}"
49341,"{12075, 53136, 53138, 16535, 32889, 49341}"
11832,"{34977, 37313, 19621, 34200, 65480, 25844, 14102, 48663, 11832, 8441}"
51946,"{60933, 13446, 28168, 14862, 16017, 52114, 48019, 63634, 18839, 51352, 6556, 22429, 34464, 66594, 52645, 35626, 44337, 72372, 7614, 37950, 38335, 37321, 48078, 13009, 24531, 50772, 25173, 32853, 43863, 30173, 6494, 55517, 15328, 54881, 65889, 35427, 19813, 37617, 44273, 61297, 68725, 38265, 15999}"
52806,"{70144, 53509, 21770, 36619, 30479, 27408, 53012, 62358, 4636, 41894, 1447, 10026, 13100, 20285, 48199, 11593, 5962, 56009, 27597, 49625, 28122, 56796, 21478, 63593, 16238, 1649, 47217, 10231}"
11114,"{29827, 55178, 72335, 75923, 19357, 18976, 35872, 25639, 27944, 58289, 29620, 60026, 4153, 14404, 5705, 37085, 44381, 32735, 50144, 16232, 25453, 17521, 47985, 50932, 4341, 51573, 36727, 6138, 22013}"
60051,"{57216, 46721, 50191, 32659, 60051, 37016, 44326, 55348, 69691, 44225, 49862, 73045, 73046, 41054, 43110, 59758, 54899, 74614, 61307}"
23248,"{63392, 14737, 54197}"
41960,"{44323, 7029, 65126}"
53993,{53993}
299,{15559}
6479,{6479}
63221,"{25250, 46242, 37669, 59365, 59018, 43723, 30253, 21007, 31376, 26513, 36207, 62707, 64505, 3994, 1723, 20863}"
52024,"{52024, 40493, 45750}"
42424,"{48934, 2855, 10410, 50251, 60653, 12655, 18799, 30031, 34489, 2837, 42424, 9049, 55258, 68380, 57597}"
25660,"{14785, 32322, 65796, 42985, 26251, 47531, 66860, 26286, 76363, 55185, 27570, 26291, 69266, 61077, 25175, 24536, 67035, 74206}"
65282,"{2944, 22656, 67848, 44169, 65041, 50962, 39582, 2079, 26401, 68133, 66857, 4523, 42156, 25023, 22592, 28099, 70853, 16974, 71770, 40292, 55652, 45169, 60021, 56828}"
3154,"{3154, 49251}"
8298,"{4321, 1507, 13381, 43562, 6973, 18893, 18894, 70192, 56369, 69204, 54870, 7127, 3037, 24703}"
42291,"{19590, 60297, 51980, 24849, 14874, 3998, 15646, 56748, 42291, 29503, 27093, 16086, 13792, 16096, 46693, 23405, 1658, 33915, 9597}"
14509,"{72323, 72325, 16520, 56969, 72460, 8979, 72342, 43287, 72343, 65703, 14509, 66225, 14514, 15041, 49601, 52938, 31820, 37071, 14420, 74709, 44510, 37857, 37479, 75880}"
29333,"{36769, 44737, 70953, 47409, 29333, 30}"
15118,"{6786, 28436, 32277, 52502, 54806, 72346, 53916, 31905, 39201, 1468, 72444, 54346, 68431, 6741, 50137, 26205, 16098, 41067, 48237, 35696, 36981, 42869, 41852}"
58154,"{61817, 58154, 57876}"
28116,"{59259, 8260, 55460, 44168, 63721, 37898, 22670, 55438, 5905, 61119, 69906, 4726, 37110, 35896, 5178, 24155, 37788, 32447}"
74932,"{26255, 33168, 15510, 39065, 33697, 65570, 21157, 9388, 34363, 72127, 5832, 58316, 69199, 48606, 19039, 1505, 36971, 17006, 43251, 48632, 2044, 24957}"
46651,{46651}
26376,"{26376, 59310}"
30360,"{13353, 20877}"
15549,"{25733, 39557, 61703, 70797, 36761, 26138, 10403, 7856, 28721, 37442, 68944, 36562, 38102, 24408, 53593, 72794, 7392, 43105, 72801, 72803, 72804, 72805, 8296, 20329, 42344, 26733, 72813, 63600, 70773}"
50303,"{63684, 63782, 61639, 72938, 31212, 44878, 50771, 62772, 4408, 63193, 50303}"
12943,"{50277, 52664, 16519, 72614, 72616, 72649, 71851, 18605, 23214, 16016, 72631, 5459, 25302, 37750, 760, 72630}"
45679,"{51650, 73453, 45679, 67122, 32247}"
53760,{65232}
51835,"{9891, 20965, 2922, 44877, 73965, 36243, 37909, 49014, 51835, 7292}"
34607,{34607}
65980,"{35136, 5601, 73892, 73893, 73414, 31732, 12948, 32056, 65980, 39102, 30398}"
32812,"{32812, 67367}"
58451,"{58451, 1947, 60407}"
41915,{53154}
8633,"{53378, 6443, 2220, 74835, 5080, 8633}"
8545,"{67520, 12097, 69248, 58243, 56196, 69507, 36713, 42955, 28588, 12108, 45549, 52843, 24211, 51350, 67510, 59161, 70619, 59358}"
11455,"{60930, 60932, 8325, 8711, 5666, 31651, 8743, 52650, 66987, 12460, 20790, 54969, 25529, 72890, 20414, 11455, 4421, 60871, 6987, 55763, 27866, 48733, 28393, 71146, 71551}"
4841,"{4841, 4690, 13228}"
16863,"{15619, 17507, 45573, 14758, 33769, 69866, 63341, 37742, 21905, 6614, 5910, 16382, 46905, 9726}"
13307,"{52292, 5989, 1446, 13307, 20552, 75784, 37738, 5131, 50863, 17714, 38359, 55960, 10075, 41790}"
64281,"{11104, 27841, 63490, 60131, 72964, 24741, 39462, 63081, 19050, 44620, 50928, 68818, 53750, 23479, 39928, 68505, 30971, 19261}"
9142,"{57600, 42051, 64774, 74408, 30412, 57649, 45298, 8851, 8532, 22933, 65205, 12729, 64251}"
69283,"{72116, 69283, 35740, 26277}"
41642,"{18343, 41642, 20562, 34930, 34932, 17688, 17595}"
54894,"{33170, 54894}"
23348,{43151}
68162,"{9377, 48390, 72870, 7947, 42925, 5872, 4818, 5875, 9234, 10643}"
23168,{54691}
75731,"{72317, 75131, 39693, 75731}"
56430,"{22880, 22785, 72333, 56430, 63191}"
16926,{16926}
6535,{6535}
25677,"{23364, 43492, 73126, 38536, 19468, 25938, 37844, 26778, 11039}"
71267,{71267}
32368,"{44223, 29634, 46984, 75436, 39310, 32368, 64154, 14359, 21720, 47417, 4538, 20767}"
22453,"{52347, 70893, 22708, 22453, 67963, 67965}"
37314,"{55525, 33990, 50057, 30156, 4465, 35794, 8083, 49971, 65746, 6907, 33469, 72190}"
41456,"{70434, 61124, 55783, 41456, 19613}"
35400,"{37856, 48609, 5631, 49836, 6866, 48917, 38170, 34714}"
36366,"{28390, 71854, 18415, 36366, 719}"
40814,"{50599, 72735, 40814, 10655}"
70742,{70742}
32733,{62723}
21568,"{11136, 31369, 21568, 12845}"
66155,"{20290, 66155, 19581}"
24717,"{21633, 24717, 24718, 24310, 74648}"
5560,"{75684, 66789, 44551, 32781, 25390, 33008, 16403, 9811, 17590, 16664, 64634}"
65423,"{60295, 65423, 33392, 32152, 25503}"
50332,{57888}
597,"{72028, 19766}"
53389,{53389}
49690,"{49288, 68907, 41807, 49690, 60186}"
64672,"{50544, 64672, 29903}"
34163,"{8561, 34163}"
50989,"{50989, 65102, 70927, 22647, 67130}"
998,{998}
65004,"{73635, 65004, 66455}"
39358,{33853}
55238,{55238}
18149,"{44125, 18149}"
46348,"{3209, 3210, 46348, 13954}"
55169,{55169}
73136,{73136}
6196,{6196}
54644,{54644}
21829,{21829}
56128,{56128}
23931,{23931}
43410,{43410}
53213,{53213}
54143,{54143}
42800,{42800}
36067,{36067}
46387,{46387}
38023,{38023}
76155,{76155}
57735,{57735}
75547,{75547}
39215,{39215}
66537,{66537}
39996,{39996}
5584,{5584}
58459,{58459}
70956,{10378}
55299,{55299}
34773,{34773}
51810,{51810}
74179,{74179}
73896,{68374}
64521,{64521}
68065,{68065}
19664,{26805}
73798,{73798}
68062,{31364}
4736,"{35201, 13004}"
37068,{37068}
55849,{55849}
73837,{73837}
70091,{70091}
3681,{3681}
41407,{6541}
68087,{72728}
67706,{67706}
64229,{64229}
71989,{71989}
59654,{59654}
58986,{58986}
1725,{1725}
37612,{37612}
43795,{43795}
19464,{19464}
53903,{53903}
71013,{71013}
23993,{23993}
52393,{52393}
74382,{74382}
69367,{69367}
52431,{52431}
25305,{25305}
62523,{62523}
35013,{35013}
45677,{45677}
64442,{64442}
23209,{23209}
43991,{43991}
38552,{38552}
38150,{25499}
37225,{37225}
73069,{73069}
62955,{62955}
59605,{59605}
31453,{31453}
485,{485}
52363,{52363}
60298,{60298}
58987,{58987}
37995,{71254}
27409,{27409}
38474,{38474}
8239,{8239}
31159,{31159}
58531,{58531}
70083,{70083}
42301,{42301}
69161,{69161}
60997,{60997}
15259,{15259}
29941,{56836}
45720,{45720}
27955,{27955}
17561,{17561}
53950,{53950}
20539,{20539}
62539,{62539}
19331,"{43672, 70206}"
10073,{22494}
56253,{56253}
17703,{17703}
33584,{33584}
54877,{54877}
74199,{74199}
5803,{5803}
36747,{36747}
76280,{76280}
59496,{14558}
8698,{70527}
42032,{42032}
60206,{60206}
63415,{38088}
22195,"{50112, 69218}"
4897,{4897}
47056,{42189}
58467,{58467}
30225,{49362}
26988,{26988}
26461,{26461}
31201,{31201}
48436,{48436}
60422,{60422}
67066,{67066}
19309,{19309}
36129,{36129}
48877,{48877}
68747,{68747}
22176,{22176}
60362,{43715}
67769,{67769}
58575,{58575}
46720,{46720}
14969,{14969}
67062,{67062}
14377,{14377}
311,"{17542, 62766, 16624, 42610, 9816}"
63304,"{63304, 63417}"
57127,{57127}
67576,{67576}
31869,{31869}
36367,{38653}
69281,{69281}
47921,{47921}
74720,{4802}
22240,{22240}
21152,{21152}
23437,{23437}
22889,{22889}
43843,{43843}
22243,{22243}
62437,{62437}
29794,{58887}
34715,{34715}
47966,{47966}
73139,{73139}
49964,"{61086, 49964, 45686}"
21728,{21728}
56475,{56475}
69991,{46217}
65267,{65267}
50649,{50649}
26379,{26379}
3848,{3848}
57116,{57116}
60336,{60337}
3215,{3215}
46377,"{46377, 56524}"
44074,{44074}
26551,{26551}
44076,{44076}
32806,{32806}
59406,{59406}
29382,{29382}
22244,{22244}
18289,{18289}
44077,{44077}
51358,{51358}
9864,{9864}
38961,{38961}
7160,"{7160, 32454}"
68792,{68792}
22241,{22241}
45056,{45056}
42999,{42999}
47130,{29820}
57311,{57311}
6486,{6486}
70540,"{50488, 70540}"
38654,{51018}
57315,{57315}
20862,{20862}
73942,{73942}
22242,{22242}
44063,{44063}
22992,{22992}
63539,{63539}
145,{145}
53173,{53173}
67586,{67586}
33427,{33427}
27223,{27223}
59727,{59727}
14556,{54077}
48570,{73212}
75991,"{65794, 75991}"
64844,{64844}
380,{380}
34593,"{9097, 37922, 34593}"
10863,{54398}
59482,{7268}
8029,{8029}
60085,{60085}
6950,{6950}
62228,"{45618, 62228, 45622}"
52321,{52321}
8658,{8221}
34212,{34212}
26103,"{33630, 26103}"
63628,{63628}
22215,{22215}
66710,{66710}
29156,{29156}
56544,{56544}
51374,{51374}
75065,{25507}
32479,{32479}
71512,"{7432, 2421}"
14663,"{12147, 14663}"
14664,{14664}
70659,{70659}
9218,{9218}
64430,{64430}
62895,{62895}
6254,"{26609, 9221}"
15995,"{15995, 26558}"
62877,{62877}
38011,{38011}
51521,"{51521, 54391}"
23589,{23589}
58463,{58463}
59481,{59481}
57011,"{9755, 57011}"
29484,{29484}
9862,{9253}
59902,{59902}
76426,{76426}
38071,{38071}
47885,{47885}
73329,"{73329, 45620}"
36765,{36765}
73553,"{73553, 76442}"
76302,{76302}
52965,{52965}
18,"{18, 47733, 49557}"
31382,{14347}
36801,{36801}
48601,{48601}
32129,{32129}
43087,"{70210, 70213, 70215, 70220, 70221, 43087, 71645, 69942, 69981}"
57956,"{62416, 57956}"
16705,{16705}
64061,{64061}
53205,"{53205, 16462}"
7833,{27979}
50429,"{50429, 71575}"
51269,{51269}
75708,{75708}
68522,"{68522, 11979}"
5160,{5160}
15383,"{55107, 15884, 15383}"
62034,{62034}
59466,{44398}
23448,{23448}
72593,"{60201, 72593}"
74915,{74915}
52137,{52137}
28545,"{47096, 48816}"
61660,{61660}
61095,{46087}
28331,{28331}
18824,"{18824, 2531}"
44797,{44797}
733,{733}
68187,{46333}
44942,{44942}
34146,{34146}
69191,"{55242, 69191, 33790, 21735}"
74266,{74266}
73343,"{820, 73343}"
16866,{16866}
57284,"{6456, 58620, 43439}"
28311,{28311}
40125,{40125}
50132,{39368}
42599,{42599}
48958,{14636}
18821,{18821}
74233,"{74233, 48930}"
68553,{13955}
60032,{60032}
14879,{12932}
6593,"{53915, 44454}"
58966,"{51749, 58966}"
57137,{57137}
76262,"{54589, 76262}"
72852,{72852}
47507,{47507}
41542,"{32611, 56172, 41542, 76260}"
18068,"{18068, 68054}"
72853,"{57378, 57380, 72853}"
41832,{41832}
3306,"{3137, 4810, 52311}"
27830,"{29465, 27830}"
32127,"{74867, 32127}"
54512,"{54512, 70677}"
63935,"{19298, 63935}"
58270,"{59841, 58270}"
10911,{10911}
63025,"{63025, 3178}"
74610,"{49602, 71964, 74610, 76375}"
72620,{67393}
59559,"{70354, 72486, 59559}"
47431,{47431}
46265,{46265}
43885,{35878}
27062,{4361}
51506,{31780}
76083,"{45275, 30013, 16766}"
45837,{45837}
72880,"{29985, 17770, 19274, 72880, 72882, 4883}"
58314,{58314}
67406,{67406}
52813,"{53281, 387, 999, 1256, 25961, 50412, 52813, 48912, 71730, 34965, 72533, 64920, 50749, 52191}"
26563,"{31100, 55031}"
19378,"{54266, 6403, 48269, 17551, 54927, 46228, 60566, 52247, 65558, 6047, 7713, 8370, 19378, 43709, 20034, 11212, 48589, 28120, 65241, 12128, 56058}"
40200,"{71555, 30727, 40200, 51210, 20651, 48079, 23678}"
54532,{54532}
31210,{75393}
48724,"{45560, 48724}"
68939,"{68939, 4783}"
23236,"{55040, 49187, 23236, 34548, 14805, 23835}"
68433,{68433}
12885,"{11490, 39492, 49092, 52294, 13735, 3629, 6350, 35727, 40880, 12885, 26650, 56218}"
16636,"{41004, 41681, 16636, 69756, 40991}"
71280,{36540}
75257,"{62112, 29665, 8847, 71471, 25590, 53206, 600, 75257, 16701}"
66070,{66070}
73533,"{43368, 74444, 73533}"
7415,{7415}
66949,"{66949, 44231, 36106, 39403, 16973, 38445, 59341, 2546, 44061, 12980, 76021, 44793, 5373}"
47737,"{26817, 66212, 50952, 53480, 50128, 75732, 30583, 47737, 70207}"
33444,"{33444, 46454, 49895}"
25100,{25100}
21986,{61006}
13630,"{35253, 62359}"
54437,"{448, 54437, 58473, 47244, 39053, 41906, 9683}"
40675,{40675}
72786,"{72786, 47783}"
51784,"{51784, 11097, 59672, 27103}"
48312,"{48312, 7521}"
4583,"{7942, 4583, 4140, 27189, 71831}"
15228,"{10275, 5068, 8975, 15228, 65791}"
52478,{52478}
27151,{27151}
61957,{61957}
60697,{60697}
7115,{7115}
5970,{4676}
9289,{9287}
46899,"{26506, 49356, 52917}"
71400,{71400}
19927,{19927}
12939,{12939}
62490,{62490}
4471,{4471}
62239,{62239}
67556,{67556}
22748,{22748}
49860,{49860}
72027,{72027}
65648,{65648}
74336,{74336}
12685,"{70372, 20006, 7935}"
16390,{16390}
34847,{34847}
38672,{38672}
45184,{45184}
26489,{26489}
58866,{58866}
29469,{29469}
31508,{31508}
7983,"{7592, 4329, 24242, 26396}"
19094,{19094}
69308,{69308}
45870,{45870}
46646,"{14243, 38990, 6710, 28823, 33240, 52857}"
48083,"{14984, 3020, 6363, 24750, 53774, 71003, 71413, 19611}"
18906,"{672, 53348, 48776, 25322, 24845, 36944, 36945, 43800, 26937}"
69193,{69193}
30895,{30895}
35321,"{27642, 29026, 25446, 70027, 53014, 69430, 1370, 1403, 831}"
66123,"{72434, 75375}"
54224,"{73496, 24625, 13995, 48342}"
63800,{63800}
24790,{24790}
45688,"{24051, 39911}"
15003,"{62521, 64654}"
42046,"{20197, 24941, 17165, 66588, 29776, 6130, 34105, 55420, 23166, 62847}"
26033,"{1632, 16001, 2315, 18188, 66253, 43507, 62294, 22781}"
61765,"{19008, 45378, 10331}"
45722,"{41729, 56225, 56100, 50790, 49032, 52106, 25036, 33068, 58608, 65812, 38933, 66103, 40570, 56219, 54973}"
49638,"{50212, 39589, 24229, 5607, 51460, 58823, 75652, 22956, 60309, 46934, 56984, 41949}"
36930,"{5847, 6262, 943}"
43215,{43215}
59149,"{51586, 13133, 73231, 60656, 38003, 54423, 34975}"
11789,{36354}
12993,"{38152, 12993, 31813}"
47136,"{58209, 65301}"
