ID,dimgrey,chartreuse,darkcyan,aquamarine,crimson,burlywood,darkolivegreen,brown,darkgrey,darkseagreen,darkgoldenrod,beige,darkturquoise,cyan,coral,black,dimgray,darkgray,darkred,chocolate,bisque,darkkhaki,cornflowerblue,azure,darkslateblue,darkorange,blanchedalmond,blue,darkgreen,darkviolet,darkorchid,deeppink,aliceblue,antiquewhite,aqua,deepskyblue,blueviolet,cornsilk,darkmagenta,darkslategrey,darksalmon,darkslategray,cadetblue,darkblue
81437,0,10,0,545,0,25,0,35,1,0,0,507,0,0,3,190,0,0,0,10,304,2,9,706,0,0,134,77,1,0,0,0,0,43,259,0,54,4,0,0,0,0,21,1
102619,0,21,2,158,9,50,3,68,1,0,1,434,0,5,16,326,0,1,0,11,432,0,12,252,1,0,223,156,1,1,0,0,0,9,157,0,121,4,0,0,0,0,42,5
386848,0,0,0,79,0,0,0,0,0,0,0,18,0,0,0,7,0,0,0,0,9,0,0,55,0,0,0,5,0,0,0,0,0,2367,204,0,1,0,0,0,0,0,0,0
298031,0,0,0,69,0,1,0,2,0,0,0,16,0,0,0,8,0,0,0,0,11,0,1,41,0,0,3,2,0,0,0,0,0,2016,271,0,2,0,0,0,0,0,0,0
410672,0,10,0,249,1,17,1,40,0,0,1,247,0,3,8,134,0,0,0,10,198,1,5,172,0,1,92,65,0,0,1,0,0,18,233,0,60,5,0,0,0,0,15,1
221004,0,9,0,194,0,24,0,33,0,0,0,300,0,0,3,156,0,2,0,14,223,1,4,216,0,0,114,71,0,0,0,0,0,58,578,0,59,2,0,0,0,0,12,1
90515,0,12,1,184,1,22,0,25,0,0,0,280,0,3,3,147,0,0,0,2,193,0,0,327,0,0,81,62,0,0,0,0,0,7,32,0,46,2,0,0,0,0,8,1
260183,0,0,0,8,0,0,0,0,0,0,0,2,0,0,0,1,0,0,0,0,0,0,0,6,0,0,0,0,0,0,0,0,0,1902,47,0,1,0,0,0,0,0,0,0
383270,0,1,0,118,0,2,0,4,0,0,0,41,0,0,0,18,0,0,0,0,31,0,0,69,0,0,13,4,0,0,0,0,0,2176,350,0,5,0,0,0,0,0,1,0
195459,0,0,0,15,0,0,0,0,0,0,0,1,0,0,0,0,0,0,0,0,2,0,1,10,0,0,2,0,0,0,0,0,0,1948,44,0,0,0,0,0,0,0,0,0
263339,0,1,0,65,0,0,0,0,0,0,0,21,0,1,0,8,0,0,0,0,11,0,0,42,0,0,4,2,0,0,0,0,0,1718,235,0,2,0,0,0,0,0,0,0
354834,0,0,0,16,0,0,0,0,0,0,0,13,0,0,0,3,0,0,0,0,4,0,0,19,0,0,0,0,0,0,0,0,0,2214,18,0,0,0,0,0,0,0,0,0
102401,0,0,0,107,0,1,0,2,0,0,0,37,0,0,0,18,0,0,0,0,18,0,0,95,0,0,5,1,0,0,0,0,0,1151,158,0,2,0,0,0,0,0,0,0
314540,0,0,0,26,0,1,0,0,0,0,0,24,0,0,0,6,0,0,0,0,7,0,0,39,0,0,2,0,0,0,0,0,0,1706,48,0,1,0,0,0,0,0,0,0
40048,0,4,0,169,1,8,0,34,0,0,0,112,0,1,3,120,0,0,0,2,151,0,3,129,0,0,85,65,0,0,0,0,0,45,671,0,43,3,0,0,0,0,8,0
38581,0,0,0,5,0,1,0,0,0,0,0,9,0,0,0,2,0,0,0,0,3,0,0,7,0,0,0,0,0,0,0,0,0,1469,23,0,1,0,0,0,0,0,0,0
194940,0,0,0,198,1,5,0,10,0,0,0,308,0,0,1,79,0,0,0,0,182,0,1,277,0,0,47,19,0,0,0,0,0,6,106,0,16,0,0,0,0,0,4,0
415,0,1,0,53,0,0,0,1,0,0,0,29,0,0,0,5,0,0,0,0,10,0,0,27,0,0,8,2,0,0,0,0,0,1657,29,0,3,0,0,0,0,0,0,0
74070,0,0,0,14,0,0,0,0,0,0,0,4,0,0,0,1,0,0,0,0,1,0,0,8,0,0,0,0,0,0,0,0,0,1729,19,0,0,0,0,0,0,0,0,0
181371,0,0,0,11,0,0,0,1,0,0,0,21,0,0,0,3,0,0,0,0,11,0,0,10,0,0,0,0,0,0,0,0,0,1975,24,0,0,0,0,0,0,0,0,0
350345,0,1,0,20,0,0,0,0,0,0,0,10,0,0,0,1,0,0,0,0,5,0,0,14,0,0,1,0,0,0,0,0,0,2230,9,0,0,0,0,0,0,0,0,0
236678,0,0,0,3,0,0,0,0,0,0,0,2,0,0,0,0,0,0,0,0,0,0,0,1,0,0,1,0,0,0,0,0,0,2206,31,0,0,0,0,0,0,0,0,0
187016,0,10,0,223,0,15,0,14,0,0,0,186,0,1,0,96,0,1,0,6,161,0,2,181,0,0,91,48,0,0,0,0,0,135,610,0,23,0,0,0,0,0,7,0
93973,0,0,0,14,0,0,0,0,0,0,0,7,0,0,0,2,0,0,0,0,4,0,0,9,0,0,2,1,0,0,0,0,0,1517,36,0,0,0,0,0,0,0,0,0
12745,0,10,0,215,0,17,1,28,0,0,2,226,0,0,4,140,0,0,0,6,179,0,2,207,0,0,105,63,0,0,0,0,0,13,473,0,48,3,0,0,0,0,5,0
246114,0,8,0,212,2,12,0,25,0,0,0,336,0,0,4,187,0,0,0,8,281,0,2,317,0,0,125,63,0,0,0,0,0,4,45,0,40,3,0,0,0,0,11,0
16155,0,8,1,129,0,18,0,17,0,0,0,282,0,0,9,132,0,0,0,2,229,0,1,228,0,0,86,51,0,0,0,0,0,4,130,0,31,0,0,0,0,0,12,0
2535,0,0,0,25,0,0,0,0,0,0,0,7,0,0,0,1,0,0,0,0,2,0,0,18,0,0,0,2,0,0,0,0,0,1936,57,0,1,0,0,0,0,0,0,0
234074,0,10,0,197,1,11,0,14,1,0,0,240,0,0,3,156,0,1,0,5,191,0,2,181,0,0,83,53,0,0,0,0,0,7,222,0,41,0,0,0,0,0,16,1
40993,0,0,0,8,0,0,0,0,0,0,0,4,0,0,0,0,0,0,0,0,4,0,0,4,0,0,0,0,0,0,0,0,0,1686,15,0,0,0,0,0,0,0,0,0
398043,0,0,0,15,0,0,0,0,0,0,0,14,0,0,0,2,0,0,0,0,16,0,0,19,0,0,2,1,0,0,0,0,0,2241,21,0,0,0,0,0,0,0,0,0
181814,0,0,0,22,0,1,0,1,0,0,0,6,0,0,0,4,0,0,0,0,5,0,0,13,0,0,1,1,0,0,0,0,0,3155,78,0,1,0,0,0,0,0,0,0
306126,0,6,0,356,3,16,0,23,1,0,0,264,0,0,4,180,0,0,0,1,205,0,3,314,0,1,91,77,0,0,0,0,0,51,630,0,48,0,0,0,0,0,8,0
48857,0,0,0,11,0,0,0,0,0,0,0,3,0,0,0,2,0,0,0,1,0,0,0,6,0,0,1,0,0,0,0,0,0,1626,24,0,0,0,0,0,0,0,0,0
81496,0,0,0,17,0,0,0,0,0,0,0,11,0,0,0,3,0,0,0,0,8,0,0,11,0,0,2,1,0,0,0,0,0,2099,66,0,2,0,0,0,0,0,0,0
11079,0,0,0,9,0,0,0,0,0,0,0,0,0,0,0,1,0,0,0,0,1,0,0,5,0,0,0,1,0,0,0,0,0,1671,54,0,0,0,0,0,0,0,0,0
160599,0,1,0,569,1,10,0,11,0,0,0,276,0,0,3,141,0,0,0,3,290,0,1,120,0,0,82,49,0,0,0,0,0,40,758,0,24,0,0,0,0,0,6,0
149209,0,0,0,5,0,0,0,1,0,0,0,1,0,0,0,0,0,0,0,0,2,0,0,2,0,0,0,2,0,0,0,0,0,1866,47,0,0,0,0,0,0,0,0,0
265268,0,0,0,85,0,0,0,1,0,0,0,22,0,0,0,10,0,0,0,0,12,0,0,47,0,0,5,1,0,0,0,0,0,1630,546,0,2,0,0,0,0,0,1,0
200236,0,1,0,118,1,0,0,2,0,0,0,89,0,0,0,52,0,0,0,0,21,0,0,170,0,0,26,8,0,0,0,0,0,1310,209,0,2,0,0,0,0,0,1,0
347071,0,1,0,212,0,5,0,4,0,0,0,133,0,0,0,30,0,0,0,1,96,0,0,177,0,0,20,17,0,0,0,0,0,522,493,0,6,2,0,0,0,0,4,1
41581,0,0,0,12,0,0,0,1,0,0,0,14,0,0,0,1,0,0,0,0,4,0,0,27,0,0,0,0,0,0,0,0,0,2114,32,0,0,0,0,0,0,0,0,0
258185,0,0,0,32,0,0,0,0,0,0,0,7,0,0,0,1,0,0,0,0,2,0,0,9,0,0,1,1,0,0,0,0,0,1764,42,0,1,0,0,0,0,0,0,0
58556,0,5,0,550,1,15,0,20,1,0,0,170,0,0,3,105,0,0,0,1,134,0,1,168,0,0,56,58,0,0,0,0,0,68,1153,0,22,1,0,0,0,0,6,0
30986,0,0,0,21,1,0,0,0,0,0,0,22,0,0,0,7,0,0,0,0,9,0,0,15,0,0,5,1,0,0,0,0,0,1635,30,0,0,0,0,0,0,0,0,0
275271,0,7,0,222,0,10,0,15,0,0,0,339,0,0,3,135,0,0,0,2,241,0,3,258,0,0,66,44,0,0,0,0,0,8,351,0,27,1,0,0,0,0,4,0
124021,0,1,0,137,0,1,0,6,0,0,0,108,0,0,0,45,0,0,0,1,66,0,0,273,0,0,21,10,0,0,0,0,0,832,439,0,7,0,0,0,0,0,2,0
315845,0,0,0,32,0,2,0,0,0,0,0,10,0,0,0,2,0,0,0,0,10,0,0,17,0,0,3,3,0,0,0,0,0,2098,119,0,2,0,0,0,0,0,0,0
93555,0,0,0,18,0,1,0,0,0,0,0,6,0,0,0,4,0,0,0,0,4,0,0,4,0,0,1,0,0,0,0,0,0,1736,70,0,1,0,0,0,0,0,0,0
288227,0,4,1,243,0,6,0,6,0,0,0,350,0,0,2,112,0,0,0,2,220,0,1,389,0,0,51,30,1,0,0,0,0,261,423,0,14,5,0,0,0,0,2,0
147208,0,1,0,608,0,1,0,6,0,0,0,114,0,0,0,30,0,0,0,0,47,0,0,232,0,0,14,6,0,0,0,0,0,118,517,0,7,0,0,0,0,0,1,0
376132,0,5,0,278,2,11,0,9,1,0,0,311,0,0,0,155,0,0,0,3,213,0,6,291,0,0,85,47,1,0,0,1,0,17,451,0,39,3,0,0,0,0,12,0
182278,0,0,0,39,0,1,0,7,0,0,0,39,0,0,0,17,0,0,0,1,20,0,0,42,0,0,17,9,0,0,0,0,0,1886,73,0,4,0,0,0,0,0,1,0
231192,0,0,0,25,0,0,0,0,0,0,0,5,0,0,0,1,0,0,0,0,5,0,0,7,0,0,1,0,0,0,0,0,0,2016,23,0,0,0,0,0,0,0,0,0
373945,0,14,2,117,7,24,1,36,0,0,1,160,0,2,10,151,0,1,1,5,189,1,6,161,0,0,102,71,4,0,2,0,0,21,169,1,40,6,0,1,0,0,25,6
206519,0,0,0,18,0,0,0,2,0,0,0,11,0,0,0,4,0,0,0,0,11,0,0,16,0,0,3,4,0,0,0,0,0,1861,58,0,2,0,0,0,0,0,1,0
328546,0,0,0,15,0,0,0,0,0,0,0,5,0,0,0,3,0,0,0,0,2,0,0,11,0,0,1,1,0,0,0,0,0,2084,179,0,0,0,0,0,0,0,0,0
194530,0,0,0,6,0,0,0,0,0,0,0,8,0,0,0,3,0,0,0,0,9,0,0,9,0,0,3,3,0,0,0,0,0,2544,53,0,0,0,0,0,0,0,1,0
225149,0,1,0,18,0,0,0,0,0,0,0,2,0,0,0,0,0,0,0,1,0,0,0,11,0,0,2,0,0,0,0,0,0,2889,82,0,0,0,0,0,0,0,0,0
716,0,0,0,27,0,0,0,0,0,0,0,12,0,0,0,2,0,0,0,0,2,0,0,21,0,0,0,0,0,0,0,0,0,2006,35,0,0,0,0,0,0,0,0,0
382724,0,0,0,22,0,1,0,0,0,0,0,5,0,0,0,2,0,0,0,1,3,0,0,16,0,0,2,3,0,0,0,0,0,2006,107,0,2,0,0,0,0,0,0,0
253188,0,0,0,72,0,1,0,3,0,0,0,36,0,0,0,16,0,0,0,0,25,0,0,52,0,0,7,1,0,0,0,0,0,1799,79,0,4,0,0,0,0,0,0,0
255698,0,0,0,337,0,1,0,1,0,0,0,46,0,0,0,14,0,0,0,0,19,0,0,63,0,0,4,2,0,0,0,0,0,1702,356,0,1,0,0,0,0,0,1,0
318986,0,0,0,7,0,0,0,1,0,0,0,2,0,0,0,0,0,0,0,0,0,0,0,4,0,0,0,0,0,0,0,0,0,2251,55,0,1,0,0,0,0,0,0,0
310799,0,0,0,61,0,1,0,1,0,0,0,28,0,0,0,4,0,0,0,0,15,0,0,37,0,0,5,0,0,0,0,0,0,1474,101,0,1,0,0,0,0,0,0,0
82731,0,8,0,96,2,20,0,26,0,0,0,256,0,2,5,174,0,0,0,5,231,0,3,104,0,0,104,68,0,0,0,0,0,24,341,0,32,1,0,0,0,0,15,1
54841,0,11,1,188,1,25,0,23,0,0,0,191,0,0,4,120,0,0,0,6,137,0,3,213,0,1,94,46,0,0,0,0,0,101,265,0,36,5,0,0,0,0,12,0
251002,0,0,0,40,1,1,0,0,0,0,0,17,0,0,0,4,0,0,0,0,16,0,0,31,0,0,6,4,0,0,0,0,0,2344,170,0,2,0,0,0,0,0,1,0
11514,0,6,0,287,2,7,0,21,0,0,0,170,0,1,1,123,0,0,0,6,159,0,1,160,0,0,84,61,1,0,0,0,0,5,1253,0,33,3,0,0,0,0,9,0
280044,0,2,0,387,0,8,0,8,0,0,0,128,0,0,0,52,0,0,0,0,78,0,0,238,0,0,45,26,0,0,0,0,0,967,790,0,17,0,0,0,0,0,1,0
41297,0,2,0,158,0,7,0,17,0,0,0,237,0,0,0,153,0,0,0,0,218,0,0,189,0,0,86,53,0,0,0,0,0,0,101,0,25,0,0,0,0,0,6,0
259330,0,3,0,360,2,15,0,14,0,0,1,293,0,1,1,119,0,0,0,1,189,0,3,334,0,1,73,48,0,0,1,0,0,111,251,0,20,1,0,0,0,0,5,0
224676,0,11,2,188,11,23,1,29,1,1,4,131,0,1,10,118,0,0,0,10,125,0,4,142,0,0,99,58,1,0,0,0,0,28,519,0,36,5,0,0,0,0,19,2
393500,0,2,0,266,0,6,0,18,0,0,0,137,0,1,0,70,0,0,0,1,123,0,0,160,0,0,46,43,0,0,0,0,0,38,464,0,30,1,0,0,0,0,2,0
146592,0,0,0,75,0,1,0,1,0,0,0,35,0,0,2,10,0,0,0,1,25,0,0,61,0,0,7,4,0,0,0,0,0,1715,266,0,4,0,0,0,0,0,1,0
238372,0,0,0,265,0,0,0,0,0,0,0,74,0,0,0,17,0,0,0,1,32,0,0,150,0,0,11,5,0,0,0,0,0,1429,400,0,6,0,0,0,0,0,1,0
110014,0,3,2,347,2,12,0,26,0,0,1,419,0,1,0,202,1,0,0,4,288,0,3,257,0,0,102,58,0,0,0,0,0,2,571,0,35,1,0,0,0,0,9,1
298248,0,0,0,183,0,5,0,11,0,0,0,332,0,0,0,103,0,0,0,1,225,0,1,358,0,0,47,28,0,0,0,0,0,2,252,0,14,1,0,0,0,0,0,0
364775,0,4,0,337,1,6,0,7,0,0,0,346,0,0,0,141,0,0,0,0,221,0,1,264,0,0,71,29,0,0,0,0,0,44,577,0,16,1,0,0,0,0,4,0
140440,0,0,0,383,0,1,0,3,0,0,0,92,0,0,0,34,0,0,0,0,72,0,0,190,0,0,12,10,0,0,0,0,0,205,856,0,2,0,0,0,0,0,1,0
28623,0,0,0,162,0,1,0,0,0,0,0,109,0,0,0,88,0,0,0,0,44,0,0,352,0,0,33,5,0,0,0,0,0,343,224,0,8,0,0,0,0,0,0,0
138600,0,1,0,196,0,7,0,7,0,0,0,158,0,1,0,73,0,0,0,0,133,0,0,112,0,0,50,26,0,0,0,0,0,124,701,0,18,0,0,0,0,0,2,0
392127,0,7,1,178,2,16,0,13,0,0,0,135,0,0,2,107,0,0,0,3,131,0,2,135,0,0,63,54,1,0,0,0,0,381,330,0,21,2,0,0,0,0,8,0
181743,0,3,0,247,0,6,0,4,0,0,0,295,0,0,0,145,0,0,0,1,223,0,1,285,0,0,75,42,0,0,0,0,0,9,246,0,22,0,0,0,0,0,2,0
405985,0,0,0,2,0,0,0,0,0,0,0,0,0,0,0,2,0,0,0,0,2,0,0,1,0,0,0,0,0,0,0,0,0,1537,54,0,0,0,0,0,0,0,0,0
280954,0,3,0,102,0,6,0,6,0,0,0,154,0,1,0,71,0,0,0,0,143,0,1,89,0,0,43,36,0,0,0,0,0,6,212,0,16,0,0,0,0,0,1,0
146189,0,0,0,4,0,0,0,0,0,0,0,0,0,0,0,0,0,0,0,0,1,0,0,2,0,0,0,0,0,0,0,0,0,2197,27,0,0,0,0,0,0,0,0,0
109225,0,0,1,73,1,7,0,16,0,0,0,230,0,0,3,150,0,0,0,8,200,0,0,124,1,0,81,33,0,0,0,0,0,32,417,0,26,0,0,0,0,0,5,1
248195,0,2,0,37,0,2,0,2,0,0,0,19,0,0,0,9,0,0,0,0,16,0,0,18,0,0,2,2,0,0,0,0,0,1362,93,0,1,0,0,0,0,0,1,0
170087,0,1,0,143,2,9,0,16,0,0,0,73,0,0,4,74,0,0,0,2,100,0,2,50,0,0,58,50,0,0,0,0,0,132,1049,0,26,2,0,0,0,0,4,0
306930,0,1,0,221,0,1,0,2,0,0,0,51,0,0,0,58,0,0,0,2,57,0,0,170,0,0,18,15,0,0,0,0,0,974,251,0,12,0,0,0,0,0,1,0
202164,0,1,0,165,1,5,0,12,0,0,0,416,0,0,0,160,0,0,0,2,271,0,0,194,0,0,101,53,0,0,0,0,0,7,235,0,21,0,0,0,0,0,4,0
392215,0,1,0,276,0,2,0,4,0,0,0,106,0,0,0,22,0,0,0,1,70,0,0,234,0,0,14,11,0,0,0,0,0,155,910,0,5,1,0,0,0,0,1,0
85961,0,2,0,322,0,9,0,13,0,0,0,168,0,0,1,91,0,0,0,1,148,0,0,169,0,0,59,39,0,0,0,0,0,4,1218,0,17,1,0,0,0,0,5,0
284306,0,0,0,30,0,0,0,0,0,0,0,16,0,0,0,3,0,0,0,0,6,0,0,20,0,0,0,0,0,0,0,0,0,1357,62,0,2,0,0,0,0,0,1,0
186268,0,0,0,35,0,2,0,2,0,0,0,6,0,0,0,4,0,0,0,0,7,0,0,20,0,0,4,1,0,0,0,0,0,1526,139,0,0,0,0,0,0,0,0,0
135800,0,0,0,3,0,0,0,0,0,0,0,0,0,0,0,0,0,0,0,0,1,0,0,1,0,0,1,0,0,0,0,0,0,1468,44,0,1,0,0,0,0,0,0,0
8545,0,2,0,301,0,5,0,6,0,0,0,117,0,1,0,58,0,0,0,0,100,0,0,144,0,0,38,12,0,0,0,0,0,15,545,0,6,0,0,0,0,0,1,0
376047,0,6,1,432,0,18,0,27,1,0,1,286,0,0,3,196,0,2,1,3,299,1,3,317,0,0,124,75,0,0,0,0,0,7,477,0,64,1,0,0,0,0,9,2
340971,0,3,0,121,0,8,0,18,0,0,0,344,0,2,1,212,0,0,0,3,318,0,0,139,0,0,102,51,0,0,0,0,0,11,215,0,29,0,0,0,0,0,4,0
96051,0,0,0,169,0,0,0,2,0,0,0,25,0,0,1,5,0,0,0,0,9,0,0,58,0,0,2,8,0,0,0,0,0,1427,191,0,2,0,0,0,0,0,0,0
15240,0,2,0,340,1,6,0,14,0,0,1,158,0,0,1,45,0,0,0,2,91,0,3,210,0,0,41,23,1,0,0,0,0,563,484,0,22,0,0,0,0,0,4,0
106430,0,6,0,163,0,19,0,29,0,0,0,113,0,0,3,100,0,0,0,4,101,0,2,95,0,0,58,38,0,0,0,0,0,494,336,0,37,0,0,0,0,0,7,0
248570,0,0,0,5,0,0,0,0,0,0,0,0,0,0,0,0,0,0,0,0,0,0,0,3,0,0,0,0,0,0,0,0,0,2195,54,0,1,0,0,0,0,0,0,0
414351,0,6,0,247,3,6,1,12,0,0,0,135,1,0,3,72,0,0,0,6,106,0,0,160,0,0,39,23,0,0,1,0,0,11,738,0,17,2,0,0,0,0,4,0
232219,0,6,0,239,0,6,0,7,0,0,0,298,0,0,2,203,0,0,0,3,317,0,1,204,0,0,93,43,0,0,0,0,0,32,554,0,26,0,0,0,0,0,6,0
278219,0,0,0,12,0,0,0,0,0,0,0,0,0,0,0,1,0,0,0,0,4,0,0,7,0,0,1,0,0,0,0,0,0,1996,90,0,0,0,0,0,0,0,0,0
153368,0,2,0,227,1,10,0,16,0,0,0,170,0,0,0,100,0,0,0,4,131,0,3,180,0,0,68,35,0,0,0,0,0,9,832,0,26,2,0,0,0,0,5,0
255494,0,0,0,24,0,0,0,0,0,0,0,9,0,0,0,0,0,0,0,1,4,0,0,8,0,0,1,0,0,0,0,0,0,2703,120,0,1,0,0,0,0,0,3,0
180538,0,0,0,275,0,3,0,2,0,0,0,45,0,0,0,19,0,0,0,0,34,0,0,115,0,0,8,3,0,0,0,0,0,822,670,0,2,0,0,0,0,0,1,0
125031,0,2,0,565,0,6,0,8,0,0,0,32,0,0,0,12,0,0,0,1,17,0,0,108,0,0,7,5,0,0,0,0,0,329,684,0,4,0,0,0,0,0,5,0
328769,0,5,0,243,0,9,0,9,0,0,2,150,0,1,0,60,0,0,0,4,103,0,3,187,0,0,49,38,0,0,0,0,0,99,251,0,13,2,0,0,0,0,8,0
31335,0,0,0,202,0,3,0,5,0,0,0,53,0,0,0,16,0,0,0,2,17,0,0,121,0,0,11,13,0,0,0,0,0,999,239,0,4,0,0,0,0,0,1,0
89043,0,0,0,37,0,0,0,2,0,0,0,7,0,0,0,2,0,0,0,0,5,0,0,12,0,0,1,0,0,0,0,0,0,1474,67,0,1,0,0,0,0,0,1,0
358994,0,0,0,78,0,0,0,1,0,0,0,28,0,0,0,6,0,0,0,0,14,0,0,51,0,0,4,3,0,0,0,0,1,1698,162,0,3,0,0,0,0,0,0,0
410205,0,2,1,295,0,4,0,3,0,0,0,68,0,0,0,39,0,1,0,0,45,0,0,75,0,0,14,7,0,0,0,0,0,23,742,0,7,0,0,0,0,0,0,0
223994,0,3,0,156,0,5,0,8,0,0,0,99,0,0,1,37,0,0,0,4,76,0,2,115,0,0,31,23,0,0,0,0,0,11,589,0,18,0,0,0,0,0,2,0
109137,0,0,0,116,0,1,0,0,0,0,0,25,0,0,0,8,0,0,0,0,12,0,0,55,0,0,2,4,0,0,0,0,0,1027,371,0,3,0,0,0,0,0,0,0
36956,0,1,0,329,0,8,0,9,0,0,0,260,0,1,1,90,0,0,0,2,155,0,1,264,0,0,48,19,1,0,0,0,0,6,633,0,15,0,0,0,1,0,3,0
161506,0,0,0,9,0,0,0,0,0,0,0,5,0,0,0,0,0,0,0,0,1,0,0,5,0,0,0,0,0,0,0,0,0,1121,42,0,0,0,0,0,0,0,1,0
299453,0,5,0,155,0,7,0,4,0,0,0,215,0,1,1,91,0,0,0,0,165,0,1,168,0,0,48,23,0,0,0,0,0,5,168,0,12,1,0,0,0,0,4,1
33199,0,3,0,422,0,7,0,3,0,0,0,66,0,0,1,18,0,0,0,1,37,0,1,178,0,0,14,12,1,0,0,0,0,570,555,0,8,1,0,0,0,0,3,0
182558,0,0,0,6,0,0,0,0,0,0,0,2,0,0,0,0,0,0,0,0,0,0,0,4,0,0,1,1,0,0,0,0,0,1209,62,0,0,0,0,0,0,0,0,0
345892,0,0,0,133,0,3,0,2,0,0,0,33,0,0,1,19,0,0,0,0,17,0,0,85,0,0,7,5,0,0,0,0,0,1351,217,0,2,0,0,0,0,0,1,0
519,0,0,0,9,0,0,0,0,0,0,0,1,0,0,0,1,0,0,0,0,4,0,0,3,0,0,1,0,0,0,0,0,0,1387,115,0,1,0,0,0,0,0,0,0
168895,0,0,0,187,0,0,0,3,1,0,0,45,0,0,1,11,0,0,0,1,35,0,0,96,0,0,6,3,0,0,0,0,0,630,228,0,7,0,0,0,0,0,0,0
157392,0,0,0,174,0,5,0,3,0,0,0,92,0,0,0,27,0,0,0,0,42,0,0,195,0,0,14,12,0,0,0,0,0,226,949,0,8,0,0,0,0,0,2,0
87622,0,2,0,113,1,4,0,3,0,0,0,50,0,2,2,17,0,0,0,1,33,0,1,77,0,0,15,4,0,0,0,0,0,1207,318,0,3,1,0,0,0,0,2,0
319561,0,5,0,222,0,2,0,10,0,0,0,139,0,1,0,74,0,0,0,2,106,0,1,124,0,0,31,20,1,0,0,0,0,30,590,0,12,0,0,0,0,0,3,0
280773,0,1,0,197,0,6,0,17,0,0,0,243,0,0,2,138,0,0,0,0,184,0,0,139,0,0,98,46,0,0,0,0,0,14,420,0,35,0,0,0,0,0,2,0
22137,0,1,0,69,0,1,0,0,0,0,0,25,0,0,0,12,0,0,0,0,20,0,0,43,0,0,4,3,0,0,0,0,0,750,393,0,3,0,0,0,0,0,0,0
11537,0,1,0,214,0,6,0,6,0,0,0,72,0,0,0,65,0,0,0,3,77,0,2,74,0,0,51,20,0,0,0,0,0,2,1075,0,14,1,0,0,0,0,1,0
309458,0,4,0,199,0,9,0,30,1,0,0,160,0,3,5,90,0,0,0,5,137,0,5,204,0,0,73,46,1,0,0,0,0,130,276,0,36,0,0,0,0,0,4,0
248590,0,2,0,366,0,6,0,13,0,0,0,144,0,0,2,59,0,0,0,0,78,0,1,205,0,0,40,22,0,0,0,0,0,58,320,0,9,0,0,0,0,0,5,0
183674,0,3,0,188,1,5,0,17,0,0,0,190,0,1,2,90,0,0,0,1,155,0,1,168,0,0,60,23,0,0,0,0,0,3,375,0,19,1,0,0,0,0,10,0
333731,0,6,1,133,1,6,0,13,0,0,0,130,0,0,2,81,0,1,0,3,120,0,4,137,0,0,44,26,0,0,0,0,0,2,140,0,29,1,0,0,0,0,12,1
224176,0,1,0,151,0,1,0,1,0,0,0,59,0,0,0,33,0,0,0,0,58,0,0,73,0,0,11,8,0,0,0,0,0,470,308,0,3,0,0,0,0,0,2,0
19533,0,2,0,128,0,0,0,2,0,0,0,47,0,0,1,6,0,0,0,0,22,0,0,68,0,0,7,1,0,0,0,0,0,1189,313,0,1,0,0,0,0,0,0,0
103992,0,0,0,157,0,3,0,3,0,0,0,29,0,0,0,16,0,0,0,3,20,0,0,79,0,0,11,5,0,0,0,0,0,560,513,0,5,0,0,0,0,0,0,0
316682,0,3,0,94,2,5,0,12,0,0,0,77,0,1,0,44,0,0,0,2,51,0,0,88,0,0,25,20,0,0,0,0,0,17,73,0,9,2,0,0,0,0,3,0
175633,0,2,0,189,0,0,0,1,0,0,0,142,0,0,1,16,0,0,0,1,57,0,0,305,0,0,2,2,0,0,0,0,0,374,389,0,0,0,0,0,0,0,1,0
208572,0,1,0,273,1,6,0,8,0,0,1,180,0,0,2,91,0,0,0,1,111,0,0,170,0,0,50,27,0,0,0,0,0,28,769,0,14,1,0,0,0,0,2,0
257925,0,4,0,258,1,9,0,20,0,0,0,172,0,0,2,119,0,1,0,2,152,0,1,161,0,0,73,48,0,0,0,0,0,11,914,0,23,3,0,0,0,0,5,0
68760,0,0,0,71,0,2,0,2,0,0,0,25,0,0,1,3,0,0,0,0,21,0,1,36,0,0,5,1,0,0,0,0,0,1070,295,0,2,0,0,0,0,0,0,0
383183,0,2,0,216,1,11,0,10,0,0,0,151,0,0,3,87,0,0,0,1,142,0,1,183,0,0,53,40,0,0,0,0,0,6,236,0,18,2,0,0,0,0,3,1
152670,0,0,0,152,0,3,0,1,0,0,0,186,0,1,1,43,0,1,0,1,76,0,0,236,0,0,18,11,0,0,0,0,0,395,240,0,6,0,0,0,0,0,2,0
380362,0,0,0,111,0,1,0,0,0,0,0,30,0,0,0,9,0,0,0,0,17,0,0,47,0,0,8,1,0,0,0,0,0,1086,299,0,1,0,0,0,0,0,0,0
12731,0,5,1,161,0,8,0,10,0,0,1,102,0,0,2,38,0,1,0,2,79,0,0,122,0,0,43,20,0,0,0,0,0,11,269,0,14,1,2,0,0,0,5,0
278037,0,1,0,313,0,4,0,5,0,0,0,96,0,0,0,49,0,0,0,1,69,0,0,160,0,0,33,12,0,0,0,0,0,5,295,0,7,0,0,0,0,0,3,0
307760,0,0,0,337,1,7,0,3,0,0,0,96,0,0,1,59,0,0,0,2,76,0,0,133,0,0,34,21,0,0,0,0,0,8,1323,0,26,0,0,0,0,0,1,0
407748,0,0,0,258,1,5,0,6,0,0,0,81,0,0,0,37,0,0,0,0,30,0,0,499,0,0,14,7,0,0,0,0,0,355,235,0,12,0,0,0,0,0,2,0
34274,0,1,0,50,0,0,0,2,0,0,0,27,0,0,0,4,0,0,0,0,8,0,0,32,0,0,8,3,0,0,0,0,0,1445,95,0,2,0,0,0,0,0,0,0
39667,0,0,0,97,0,6,0,12,0,0,0,51,0,0,0,21,0,0,0,1,43,0,0,71,0,0,20,15,0,0,0,0,0,16,434,0,10,0,0,0,0,0,3,0
258607,0,4,0,190,1,12,0,13,0,0,0,148,0,0,3,100,0,0,0,3,125,0,2,147,0,0,59,25,1,0,0,0,0,13,499,0,17,1,0,0,0,0,4,0
36922,0,4,0,126,0,5,0,7,0,0,0,68,0,0,0,29,0,0,0,0,26,0,1,80,0,0,26,19,0,0,0,0,0,661,389,0,10,0,0,0,0,0,2,0
29425,0,6,1,295,0,2,0,7,0,0,0,124,0,1,2,59,0,0,0,0,79,0,1,158,0,0,42,23,1,0,0,0,0,11,608,0,15,2,0,0,0,0,3,1
3043,0,1,0,126,0,0,0,2,0,0,0,47,0,0,0,26,0,0,0,0,21,0,0,96,0,0,12,8,0,0,0,0,0,823,222,0,4,0,0,0,0,0,2,0
370917,0,0,0,165,1,7,0,4,0,0,0,74,0,0,2,52,0,0,0,1,73,0,1,112,0,0,35,22,0,0,0,0,0,7,340,0,9,0,0,0,0,0,2,0
127503,0,0,0,266,0,1,0,0,0,0,0,52,0,0,0,19,0,1,0,0,14,0,0,98,0,0,6,4,0,0,0,0,0,771,207,0,0,0,0,0,0,0,0,0
58157,0,2,0,231,0,2,0,4,0,0,0,96,0,0,1,41,0,0,0,1,76,1,0,103,0,0,27,11,0,0,0,0,0,5,1099,0,10,0,0,0,0,0,1,0
221522,0,1,0,92,1,0,0,2,0,0,0,32,0,1,1,9,0,0,0,0,16,0,0,52,0,0,5,1,0,0,0,0,0,1079,136,0,2,0,0,0,0,0,0,0
282046,0,1,0,260,0,1,0,5,0,0,0,167,0,0,0,56,0,1,0,2,79,0,1,285,0,0,25,21,0,0,0,0,0,449,555,0,16,0,0,0,0,0,2,0
26585,0,8,0,146,0,6,0,9,0,0,0,97,0,0,4,58,0,0,0,0,91,0,1,92,0,0,41,37,0,0,0,0,0,415,166,0,25,1,0,0,0,0,11,0
167522,0,0,0,143,0,0,0,2,0,0,0,24,0,0,0,17,0,0,0,0,18,0,1,44,0,0,11,1,0,0,0,0,0,555,1636,0,3,0,0,0,0,0,0,0
334908,0,3,0,259,0,5,0,5,0,0,0,94,0,0,0,40,0,0,0,0,71,0,1,168,0,0,17,15,0,0,0,0,0,940,308,0,7,0,0,0,0,0,3,0
58824,0,2,0,173,0,9,0,18,0,0,0,210,0,0,3,112,0,0,0,4,175,0,4,209,0,0,36,29,1,0,0,0,0,4,127,0,18,1,0,0,0,0,2,0
225236,0,3,0,232,0,5,1,11,0,0,0,127,0,0,2,64,0,0,0,2,86,0,1,138,0,0,35,27,0,0,0,0,0,12,391,0,16,0,0,0,0,0,3,0
22636,0,1,0,173,0,6,0,5,0,0,0,51,0,0,2,20,0,0,0,3,50,0,0,93,0,0,19,7,1,0,0,0,0,813,324,0,7,0,0,0,0,0,3,0
87461,0,1,0,201,0,2,0,3,0,0,0,57,0,0,2,12,0,0,0,1,30,0,0,116,0,0,13,6,0,0,0,0,0,1258,329,0,7,1,0,0,0,0,0,0
391979,0,0,0,96,0,0,0,0,0,0,0,14,0,0,0,3,0,0,0,0,12,0,0,47,0,0,1,4,0,0,0,0,0,489,326,0,1,0,0,0,0,0,1,0
261482,0,0,0,7,0,0,0,0,0,0,0,4,0,0,0,0,0,0,0,0,1,0,0,6,0,0,0,1,0,0,0,0,0,1187,39,0,0,0,0,0,0,0,0,0
309364,0,1,0,462,0,1,0,0,0,0,0,17,0,0,0,2,0,0,0,0,12,0,0,60,0,0,4,4,0,0,0,0,0,53,388,0,1,0,0,0,0,0,0,0
66675,0,0,0,58,0,0,0,1,0,0,0,13,0,1,0,9,0,0,0,0,15,0,0,36,0,0,6,4,0,0,0,0,0,349,116,0,0,0,0,0,0,0,1,0
361399,0,1,0,276,0,4,0,6,0,0,0,118,0,1,1,53,0,0,0,2,68,0,0,173,0,0,32,23,0,0,0,0,0,236,384,0,11,0,0,0,0,0,6,0
406262,0,0,0,135,0,2,0,0,0,0,0,29,0,1,0,12,0,0,0,0,16,0,0,37,0,0,1,5,0,0,0,0,0,178,747,0,6,0,0,0,0,0,1,0
100772,0,1,0,132,0,1,0,2,0,0,0,18,0,0,0,8,0,0,0,0,6,0,0,39,0,0,4,3,0,0,0,0,0,475,1623,0,0,0,0,0,0,0,1,0
41732,0,0,0,156,0,0,0,2,0,0,0,82,0,0,0,15,0,0,0,0,28,0,0,101,0,0,9,6,0,0,0,0,0,284,313,0,5,0,0,0,0,0,1,0
121118,0,0,0,216,0,1,0,1,0,0,0,113,0,0,0,38,0,0,0,0,47,0,0,126,0,0,16,10,0,0,0,0,0,98,981,0,5,0,0,0,0,0,1,0
147528,0,0,0,119,0,5,0,10,0,0,0,44,0,0,2,30,0,0,0,1,38,0,1,60,0,0,21,17,0,0,0,0,0,30,326,0,15,0,0,0,0,0,2,0
388026,0,0,0,119,0,0,0,3,0,0,0,29,0,0,0,7,0,0,0,0,17,0,0,36,0,0,4,3,0,0,0,0,0,1211,437,0,3,0,0,0,0,0,1,0
281311,0,0,0,149,0,5,0,2,0,0,0,57,0,0,1,28,0,0,0,0,30,0,2,134,0,0,16,9,0,0,0,0,0,250,336,0,4,1,0,0,0,0,1,1
50433,0,1,0,212,0,2,0,2,0,0,0,101,0,0,0,76,0,0,0,1,87,0,2,157,0,0,27,9,0,0,0,0,0,59,511,0,10,0,0,0,0,0,0,0
79448,0,4,0,134,0,6,0,8,0,0,0,78,0,0,2,38,0,0,0,2,80,0,0,93,0,0,28,20,0,0,0,0,0,2,146,0,10,1,0,0,0,0,5,1
170395,0,1,0,175,0,3,0,4,0,0,0,70,0,0,0,21,0,0,0,1,29,0,0,126,0,0,6,6,0,0,0,0,0,410,424,0,3,0,0,0,0,0,1,0
48583,0,0,0,105,0,2,0,2,0,0,0,40,0,0,0,6,0,0,0,0,23,0,0,57,0,0,13,4,0,0,0,0,0,1081,346,0,4,0,0,0,0,0,0,0
100874,0,2,0,91,0,2,0,5,0,0,0,67,0,0,0,19,0,0,0,1,33,0,0,115,0,0,7,9,0,0,0,0,0,190,650,0,3,0,0,0,0,0,1,0
323138,0,6,0,808,0,6,0,16,0,0,0,99,0,0,2,55,0,0,0,2,92,0,0,192,0,0,36,32,0,0,0,0,0,76,248,0,11,0,0,0,0,0,7,0
359605,0,0,0,115,0,0,0,1,0,0,0,27,0,0,0,3,0,0,0,0,14,0,0,33,0,0,4,1,0,0,0,0,0,138,197,0,1,0,0,0,0,0,1,0
85950,0,0,0,90,0,3,0,1,0,0,0,39,0,0,0,16,0,0,0,0,23,0,1,58,0,0,7,4,0,0,0,0,0,149,917,0,1,0,0,0,0,0,2,0
179339,0,0,0,115,0,1,0,4,0,1,0,39,0,0,0,11,0,0,0,0,17,0,2,54,0,0,13,9,1,0,0,0,0,388,652,0,7,0,0,0,0,0,4,0
384302,0,2,1,125,0,4,0,3,0,0,0,43,0,0,0,22,0,0,0,0,36,0,0,72,0,0,13,15,0,0,0,0,0,411,228,0,9,0,0,0,0,0,1,0
385241,0,2,0,114,0,7,0,6,0,0,0,58,0,0,0,35,0,0,0,4,42,0,2,119,0,0,35,17,0,0,0,0,0,32,202,0,10,1,0,0,0,0,4,0
214186,0,0,0,78,0,1,0,0,0,0,0,114,0,0,0,34,0,0,0,0,246,0,0,82,0,0,14,3,0,0,0,0,0,43,69,0,1,0,0,0,0,0,0,0
31581,0,0,0,200,0,1,0,2,0,0,0,40,0,0,1,11,0,0,0,1,15,0,0,127,0,0,8,0,0,0,0,0,0,236,1305,0,0,0,0,0,0,0,0,0
367900,0,1,0,200,0,1,0,3,0,0,0,54,0,0,0,10,0,1,0,0,20,0,0,113,0,0,8,6,0,0,0,0,0,838,606,0,5,0,0,0,0,0,1,0
330426,0,0,0,80,0,0,0,4,0,0,0,21,0,0,0,3,0,0,0,0,16,0,0,27,0,0,5,5,0,0,0,0,0,975,216,0,4,0,0,0,0,0,0,0
293839,0,5,0,118,0,3,0,7,0,0,0,45,0,0,4,34,0,0,0,5,49,0,1,62,0,0,27,17,0,0,0,0,0,16,217,0,15,0,0,0,0,0,3,0
208887,0,0,0,506,0,0,0,1,0,0,0,37,0,0,0,17,0,0,0,0,11,0,0,482,0,0,4,1,0,0,0,0,0,271,538,0,0,0,0,0,0,0,0,0
246920,0,1,0,94,0,3,1,5,0,0,0,66,0,1,1,33,0,0,0,1,51,0,1,67,0,0,19,12,0,0,0,0,0,7,171,0,4,0,0,0,0,0,1,0
363476,0,0,0,81,1,1,0,4,0,0,0,24,0,0,0,15,0,0,0,0,18,0,0,38,0,0,4,5,0,0,0,0,0,407,230,0,2,0,0,0,0,0,1,0
118401,0,0,0,150,0,0,0,4,0,0,0,36,0,0,1,10,0,0,0,0,23,0,0,88,0,0,8,3,0,0,0,0,0,1331,202,0,4,0,0,0,0,0,0,0
299060,0,1,0,185,0,1,0,3,0,0,0,17,0,0,0,11,0,0,0,0,15,0,0,28,0,0,9,1,0,0,0,0,0,67,555,0,1,0,0,0,0,0,0,0
159054,0,0,0,231,0,0,0,0,0,0,0,79,0,0,0,11,0,0,0,0,25,0,0,199,0,0,7,0,0,0,0,0,0,80,142,0,0,0,0,0,0,0,0,0
198335,0,1,0,52,0,1,0,2,0,0,0,23,0,0,0,13,0,0,0,0,13,0,0,40,0,0,4,1,0,0,0,0,0,336,170,0,4,0,0,0,0,0,0,0
86236,0,0,0,241,0,0,0,1,0,0,0,47,0,0,0,21,0,0,0,1,33,0,0,46,0,0,11,2,0,0,0,0,0,20,127,0,6,0,0,0,0,0,2,0
207573,0,0,0,65,0,1,0,5,0,0,0,18,0,0,0,5,0,0,0,0,13,0,0,41,0,0,1,2,0,0,0,0,0,114,341,0,2,0,0,0,0,0,0,0
39207,0,0,0,36,0,2,0,0,0,0,0,20,0,0,0,4,0,1,0,0,5,0,1,27,0,0,1,2,0,0,0,0,0,1120,142,0,0,0,0,0,0,0,1,0
79843,0,0,0,68,0,0,0,2,0,0,0,20,0,0,0,5,0,0,0,0,17,0,0,34,0,0,6,3,0,0,0,0,0,630,156,0,2,0,0,0,0,0,1,0
218848,0,1,0,34,0,0,0,3,0,0,0,37,0,0,0,8,0,0,0,0,35,0,0,44,0,0,6,3,0,0,0,0,0,122,362,0,2,0,0,0,0,0,2,0
173354,0,0,0,141,0,4,0,2,0,0,0,28,0,0,0,7,0,0,0,0,10,0,0,47,0,0,3,5,0,0,0,0,0,245,691,0,0,0,0,0,0,0,0,0
93905,0,0,0,46,0,3,0,2,0,0,0,17,0,0,0,14,0,0,0,0,10,0,0,51,0,0,7,9,0,0,0,0,0,233,50,0,2,0,0,0,0,0,0,0
6435,0,1,0,185,0,2,0,1,0,0,0,79,0,0,0,30,0,0,0,0,45,0,0,79,0,0,17,7,0,0,0,0,0,129,347,0,3,0,0,0,0,0,0,0
160439,0,2,1,54,0,2,0,8,0,0,0,44,0,0,1,27,0,0,0,2,28,0,1,48,0,0,19,9,0,0,0,0,0,80,73,0,11,0,0,0,0,0,8,0
263306,0,0,0,94,0,0,0,0,0,0,0,10,0,0,0,1,0,0,0,0,7,0,0,28,0,0,2,0,0,0,0,0,0,21,50,0,0,0,0,0,0,0,0,0
395312,0,1,0,156,0,2,0,5,0,0,0,64,0,0,0,22,0,0,0,1,38,0,0,75,0,0,12,12,0,0,0,0,0,114,414,0,7,0,0,0,0,0,2,0
381710,0,1,0,204,0,1,0,3,0,0,0,77,0,0,0,16,0,0,0,0,48,0,0,105,0,0,9,4,0,0,0,0,0,29,452,0,2,0,0,0,0,0,0,0
288301,0,1,0,155,0,1,0,4,0,0,0,61,0,0,0,22,0,0,0,1,39,0,0,93,0,0,18,5,0,0,0,0,0,91,537,0,6,0,0,0,0,0,1,0
101598,0,0,0,76,0,0,0,1,0,0,0,41,0,0,0,15,0,1,0,1,28,0,0,60,0,0,7,1,0,0,0,0,0,189,112,0,2,0,0,0,0,0,2,0
11633,0,0,0,172,0,0,0,1,0,0,0,20,0,0,0,11,0,0,0,0,26,0,0,64,0,0,13,5,0,0,0,0,0,376,619,0,3,0,0,0,0,0,0,0
422868,0,1,0,214,0,2,0,6,0,0,0,103,0,0,1,31,0,0,0,0,54,0,0,171,0,0,18,14,0,0,0,0,0,108,220,0,10,0,0,0,0,0,2,0
115519,0,0,0,71,0,0,0,2,0,0,0,21,0,0,0,6,0,0,0,1,11,0,0,24,0,0,1,2,0,0,0,0,0,550,213,0,3,0,0,0,0,0,0,0
68325,0,0,0,88,0,0,0,0,0,0,0,25,0,0,0,7,0,0,0,0,14,0,0,37,0,0,9,5,0,0,0,0,0,234,182,0,2,0,0,0,0,0,0,0
168954,0,0,0,94,0,0,0,0,0,0,0,18,0,0,0,4,0,0,0,0,18,0,0,53,0,0,1,0,0,0,0,0,0,501,291,0,0,0,0,0,0,0,0,0
71990,0,0,0,59,0,2,0,1,0,0,0,46,0,0,0,16,0,0,0,0,29,0,0,54,0,0,17,5,0,0,0,0,0,69,51,0,6,0,0,0,0,0,1,0
70561,0,0,0,177,0,2,0,0,0,0,0,64,0,0,0,24,0,0,0,0,49,0,0,120,0,0,14,9,0,0,0,0,0,221,317,0,4,0,0,0,0,0,0,0
416632,0,0,0,93,0,1,0,3,0,0,0,28,0,0,0,22,0,0,0,1,26,0,0,62,0,0,20,9,0,0,0,0,0,67,55,0,6,0,0,0,0,0,2,0
203513,0,0,0,55,0,0,0,0,0,0,0,12,0,0,0,2,0,0,0,0,5,0,0,29,0,0,0,1,0,0,0,0,0,569,134,0,0,0,0,0,0,0,0,0
293549,0,0,0,28,0,0,0,0,0,0,0,3,0,0,0,0,0,0,0,0,2,0,0,14,0,0,0,2,0,0,0,0,0,196,179,0,0,0,0,0,0,0,0,0
302934,0,1,0,16,0,5,0,9,1,0,0,35,0,1,3,31,0,0,0,3,27,0,3,24,0,0,15,17,0,0,0,0,0,23,54,0,13,1,0,0,0,0,4,0
309385,0,0,0,39,0,0,0,0,0,0,0,8,0,0,1,10,0,0,0,0,6,0,0,25,0,0,4,4,0,0,0,0,0,210,79,0,0,0,0,0,0,0,0,0
275984,0,0,0,54,0,0,0,1,0,0,0,25,0,0,1,10,0,0,0,0,13,0,0,50,0,0,6,3,0,0,0,0,0,18,41,0,2,0,0,0,0,0,0,0
356146,0,0,0,38,0,1,0,3,0,0,0,24,0,0,1,11,0,0,0,0,23,0,0,52,0,0,7,2,0,0,0,0,0,42,46,0,2,0,0,0,0,0,1,0
147034,0,0,0,23,0,0,0,2,0,0,0,7,0,0,1,2,0,0,0,0,2,0,0,19,0,0,1,3,0,0,0,0,0,63,41,0,0,0,0,0,0,0,0,0
306617,0,0,0,61,0,0,0,1,0,0,0,15,0,0,1,2,0,0,0,0,11,0,0,25,0,0,2,2,0,0,0,0,0,60,43,0,3,0,0,0,0,0,0,0
154881,0,1,0,38,0,0,0,3,0,0,0,41,0,0,1,7,0,0,0,1,34,0,0,52,0,0,13,10,0,0,0,0,0,10,35,0,3,0,0,0,0,0,2,0
129911,0,0,0,35,0,0,0,0,0,0,0,15,0,0,1,9,0,0,0,0,12,0,0,29,0,0,3,3,0,0,0,0,0,11,27,0,0,0,0,0,0,0,1,0
296111,0,0,0,66,0,0,0,0,0,0,0,39,0,0,1,8,0,0,0,0,23,0,0,38,0,0,7,3,0,0,0,0,0,53,62,0,3,0,0,0,0,0,0,0
157168,0,0,0,18,0,1,0,0,0,0,0,15,0,0,1,5,0,0,0,1,7,0,0,6,0,0,3,3,0,0,0,0,0,7,3,0,1,0,0,0,0,0,2,0
186852,0,0,0,87,0,4,0,7,0,0,0,45,0,0,1,13,0,0,0,1,25,0,0,59,0,0,20,9,0,0,0,0,0,11,181,0,4,0,0,0,0,0,0,0
295876,0,1,0,1,0,0,0,0,0,0,0,1,0,0,0,1,0,0,0,0,0,0,0,0,0,0,0,0,0,0,0,0,0,0,0,0,0,0,0,0,0,0,0,0
32434,0,1,0,28,0,0,0,1,0,0,0,10,0,0,0,2,0,0,0,0,3,0,0,11,0,0,2,2,0,0,0,0,0,15,113,0,0,0,0,0,0,0,0,0
303789,0,1,0,1,0,0,0,0,0,0,0,2,0,0,0,1,0,0,0,1,3,0,0,1,0,0,1,2,0,0,0,0,0,2,0,0,0,0,0,0,0,0,1,0
251748,0,1,0,1,0,0,0,0,0,0,0,0,0,0,0,0,0,0,0,0,0,0,0,0,0,0,0,0,0,0,0,0,0,2,1,0,0,0,0,0,0,0,0,0
123652,0,1,0,1,0,0,0,0,0,0,0,1,0,0,0,0,0,0,0,0,1,0,0,0,0,0,0,0,0,0,0,0,0,0,1,0,0,0,0,0,0,0,1,0
293505,0,1,0,33,0,0,0,0,0,0,0,9,0,0,0,5,0,0,0,0,7,0,0,14,0,0,1,0,0,0,0,0,0,26,30,0,1,0,0,0,0,0,0,0
37802,0,1,0,33,0,0,0,0,0,0,0,9,0,0,0,10,0,0,0,1,14,0,0,32,0,0,2,4,0,0,0,0,0,6,40,0,3,0,0,0,0,0,0,0
297399,0,1,0,92,0,0,0,0,0,0,0,34,0,0,0,14,0,0,0,0,20,0,0,67,0,0,6,1,0,0,0,0,0,285,181,0,1,0,0,0,0,0,2,0
136817,0,1,0,45,0,0,0,2,0,0,0,20,0,0,0,7,0,0,0,0,13,0,0,31,0,0,4,0,0,0,0,0,0,100,55,0,3,0,0,0,0,0,1,0
227909,0,1,0,26,0,0,0,0,0,0,0,8,0,0,0,7,0,1,0,0,4,0,0,13,0,0,5,1,0,0,0,0,0,76,27,0,1,0,0,0,0,0,2,0
194317,0,2,0,63,0,2,0,2,0,0,0,26,0,0,0,6,0,0,0,1,11,0,0,23,0,0,7,4,0,0,0,0,0,110,123,0,4,0,0,0,0,0,0,0
8170,0,1,0,6,0,1,0,0,0,0,0,2,0,0,0,2,0,0,0,0,1,0,0,5,0,0,2,0,0,0,0,0,0,1,13,0,0,0,0,0,0,0,0,0
111579,0,1,0,15,0,1,0,1,0,0,0,7,0,0,0,1,0,0,0,0,13,0,0,11,0,0,8,2,0,0,0,0,0,38,96,0,2,0,0,0,0,0,2,0
313063,0,1,0,69,0,0,0,1,0,0,0,18,0,0,0,4,0,0,0,0,7,0,0,32,0,0,3,7,0,0,0,0,0,89,101,0,2,0,0,0,0,0,0,0
156030,0,1,0,65,0,0,0,2,0,0,0,23,0,0,0,14,0,0,0,0,15,0,0,22,0,0,3,1,0,0,0,0,0,141,212,0,3,0,0,0,0,0,0,0
46816,0,1,0,15,0,0,0,2,0,0,0,15,0,0,0,4,0,0,0,0,7,0,0,18,0,0,3,3,0,0,0,0,0,8,27,0,2,0,0,0,0,0,0,0
132955,0,1,0,12,0,0,0,0,0,0,0,10,0,0,0,2,0,0,0,0,4,0,0,13,0,0,2,2,0,0,0,0,0,13,20,0,1,0,0,0,0,0,1,0
252111,0,1,0,166,0,0,0,1,0,0,0,68,0,0,0,19,0,0,0,0,41,0,0,73,0,0,20,4,0,0,0,0,0,207,332,0,4,0,0,0,0,0,0,0
45635,0,1,0,27,0,0,0,2,0,0,0,10,0,0,0,7,0,0,0,0,12,0,0,17,0,0,4,6,0,0,0,0,0,2,34,0,2,0,0,0,0,0,0,0
87581,0,2,0,108,0,2,0,2,0,0,0,31,0,0,0,14,0,0,0,0,18,0,0,73,0,0,11,7,0,0,0,0,0,9,96,0,1,0,0,0,0,0,0,0
107477,0,1,0,47,0,1,0,3,0,0,0,15,0,0,0,5,0,0,0,0,15,0,0,24,0,0,12,5,0,0,0,0,0,125,115,0,4,0,0,0,0,0,0,0
113694,0,0,0,1,0,0,0,2,0,0,0,0,0,0,0,1,0,0,0,0,0,0,1,1,0,0,0,0,0,0,0,0,0,0,0,0,0,0,0,0,0,0,2,0
187062,0,0,0,6,0,0,0,1,0,0,0,4,0,0,0,1,0,0,0,0,1,0,1,4,0,0,1,0,0,0,0,0,0,2,2,0,0,0,0,0,0,0,0,0
423028,0,0,0,102,0,2,0,1,0,0,0,44,0,0,0,17,0,0,0,0,27,0,1,70,0,0,9,7,0,0,0,0,0,73,139,0,8,0,0,0,0,0,0,0
335024,0,0,0,52,0,0,0,1,0,0,0,13,0,0,0,3,0,0,0,0,7,0,1,21,0,0,3,5,0,0,0,0,0,256,196,0,0,0,0,0,0,0,0,0
1702,0,0,0,46,0,0,0,0,0,0,0,7,0,0,0,1,0,0,0,0,5,0,1,9,0,0,6,4,0,0,0,0,0,92,106,0,3,0,0,0,0,0,0,0
166325,0,0,0,59,0,1,0,1,0,0,0,6,0,0,0,9,0,0,0,0,8,0,1,27,0,0,7,4,0,0,0,0,0,175,96,0,1,0,0,0,0,0,0,0
28057,0,0,0,27,0,2,0,4,0,0,0,25,0,0,0,11,0,0,0,0,24,0,1,35,0,0,14,5,0,0,0,0,0,30,28,0,3,0,0,0,0,0,0,0
13458,0,2,0,99,0,0,0,1,0,0,0,16,0,0,0,15,0,0,0,0,16,0,1,45,0,0,7,5,0,0,0,0,0,89,84,0,4,0,0,0,0,0,0,0
41567,0,0,0,32,0,0,0,0,0,0,0,27,0,0,0,16,0,0,0,0,15,0,1,13,0,0,5,3,0,0,0,0,0,12,30,0,0,0,0,0,0,0,0,0
103838,0,1,0,28,0,3,0,2,0,0,0,19,0,0,1,8,0,0,0,2,16,0,1,16,0,0,5,6,0,0,0,0,0,105,68,0,6,0,0,0,0,0,3,0
89335,0,1,0,21,0,2,0,0,0,0,0,15,0,0,0,7,0,0,0,0,3,0,1,18,0,0,6,2,0,0,0,0,0,60,19,0,3,0,0,0,0,0,0,0
156115,0,1,0,47,0,1,0,2,0,0,0,10,0,0,0,5,0,0,0,1,8,0,1,31,0,0,2,3,0,0,0,0,0,72,288,0,0,0,0,0,0,0,1,0
185373,0,1,0,26,0,0,0,0,0,0,0,21,0,0,1,12,0,0,0,1,10,0,1,23,0,0,5,2,0,0,0,0,0,22,46,0,0,0,0,0,0,0,0,0
247792,0,1,0,11,0,1,0,0,0,0,0,13,0,0,0,4,0,0,0,0,7,0,1,21,0,0,5,0,0,0,0,0,0,2,11,0,3,0,0,0,0,0,1,0
370820,0,2,0,75,0,2,0,4,0,0,0,26,0,0,0,16,0,0,0,1,13,0,1,47,0,0,6,3,0,0,0,0,0,0,166,0,3,0,0,0,0,0,1,0
143255,0,0,0,45,0,1,0,1,0,0,0,16,0,0,0,12,0,0,0,1,17,0,1,32,0,0,10,9,0,0,0,0,0,68,155,0,6,0,0,0,0,0,0,0
72903,0,0,1,66,0,2,0,1,0,0,0,42,0,0,1,20,0,0,0,1,24,0,1,39,0,0,10,11,0,0,0,0,0,15,92,0,5,0,0,0,0,0,4,0
420716,0,0,0,102,0,2,0,2,0,0,0,18,0,0,0,4,0,0,0,0,9,0,1,43,0,0,6,3,0,0,0,0,0,19,26,0,1,0,0,0,0,0,0,0
19917,0,1,0,96,0,3,0,2,0,0,0,33,0,0,0,12,0,0,0,1,45,0,1,41,0,0,15,6,0,0,0,0,0,3,152,0,4,0,0,0,0,0,1,0
209773,0,1,0,110,0,0,0,7,0,0,0,67,0,0,0,25,0,0,0,2,56,0,1,67,0,0,15,11,0,0,0,0,0,7,106,0,9,0,1,0,0,0,2,0
204236,0,1,0,15,0,1,0,4,0,0,0,19,0,0,0,5,0,0,0,1,10,0,1,12,0,0,3,3,0,0,0,0,0,105,59,0,2,0,0,0,0,0,0,0
381993,0,3,0,132,0,0,0,1,0,0,0,67,0,0,0,20,0,0,0,0,28,0,1,111,0,0,17,13,0,0,0,0,0,210,607,0,9,0,0,0,0,0,1,0
90509,0,0,0,13,0,3,0,2,0,0,0,12,0,0,1,15,0,0,0,0,18,0,1,24,0,0,6,7,0,0,0,0,0,2,9,0,5,0,0,0,0,0,2,0
389610,0,0,0,17,1,0,0,0,0,0,0,8,0,0,0,8,0,0,0,1,9,0,0,9,0,0,6,4,0,0,0,0,0,17,9,0,1,0,0,0,0,0,0,0
230499,0,0,0,26,1,0,0,0,0,0,0,2,0,0,0,3,0,0,0,0,3,0,0,13,0,0,2,0,0,0,0,0,0,137,84,0,0,0,0,0,0,0,0,0
165446,0,0,0,10,1,0,0,1,0,0,0,2,0,0,0,2,0,0,0,0,1,0,0,8,0,0,1,0,0,0,0,0,0,15,51,0,0,0,0,0,0,0,1,0
123849,0,0,0,80,1,4,0,7,0,0,0,37,0,0,0,10,0,0,0,0,22,0,0,85,0,0,3,3,0,0,0,0,0,383,239,0,2,0,0,0,0,0,1,0
127915,0,2,0,13,1,1,0,0,0,0,0,11,0,0,0,4,0,0,0,0,6,0,0,9,0,0,1,2,0,0,0,0,0,4,25,0,1,0,0,0,0,0,0,0
150521,0,0,0,34,1,3,0,3,0,0,0,26,0,0,0,8,0,1,0,0,31,0,0,32,0,0,4,3,0,0,0,0,0,40,136,0,2,0,0,0,0,0,1,0
158695,0,2,0,150,1,5,0,7,0,0,0,60,0,0,0,46,0,0,0,1,53,0,0,91,0,0,26,22,0,0,0,0,0,3,442,0,16,0,0,0,0,0,0,0
194000,0,1,0,17,1,2,0,1,0,0,0,12,0,0,0,6,0,0,0,1,10,0,0,21,0,0,8,0,0,0,1,0,0,9,18,0,1,0,0,0,0,0,0,0
204593,0,2,0,34,1,3,0,3,0,0,0,36,0,0,0,12,0,0,0,1,26,0,0,30,0,0,15,6,0,0,0,0,0,1,25,0,4,0,0,0,0,0,2,0
113471,0,0,0,67,1,0,0,0,0,0,0,33,0,0,0,10,0,0,0,0,24,0,0,37,0,0,5,4,0,0,0,0,0,76,193,0,1,0,0,0,0,0,1,0
47863,0,1,0,21,1,1,0,1,0,0,0,15,0,0,0,9,0,0,0,0,11,1,0,18,0,0,6,6,0,0,0,0,0,13,59,0,3,0,0,0,0,0,2,0
258243,0,2,0,162,1,2,0,8,0,0,0,70,0,0,0,30,0,0,0,0,66,0,0,110,0,0,17,19,0,0,0,0,0,5,251,0,13,0,0,0,0,0,1,0
29111,0,3,0,91,1,7,0,5,0,0,0,53,0,0,1,39,0,0,0,1,52,0,0,83,0,0,15,23,0,0,0,0,0,15,96,0,9,0,0,0,0,0,0,0
354925,0,2,0,9,1,3,0,7,0,0,0,3,0,0,1,3,0,0,0,1,2,0,1,5,0,0,3,1,0,0,0,0,0,25,2,0,4,0,0,0,0,0,5,0
354828,0,0,0,9,1,0,0,3,0,0,0,23,0,0,0,21,0,0,0,1,22,0,0,12,0,0,5,4,0,0,0,0,0,0,14,0,2,0,0,0,0,0,0,0
246542,0,0,0,63,1,6,0,12,0,0,0,49,0,1,0,36,0,0,0,1,40,0,0,56,0,0,23,22,0,0,0,0,0,4,77,0,15,1,0,0,0,0,5,0
115105,0,4,0,130,1,3,0,3,0,0,0,32,0,0,1,14,0,0,0,1,18,0,1,57,0,0,2,3,0,0,0,0,0,195,255,0,5,0,0,0,0,0,3,0
318511,0,4,0,65,1,7,0,6,0,0,0,25,0,0,0,21,0,0,0,0,32,1,1,41,0,0,16,11,0,0,0,0,0,4,36,0,12,0,0,0,0,0,1,0
417785,0,0,0,120,1,3,0,0,0,0,0,41,0,0,0,26,0,0,0,0,40,0,0,76,0,0,12,8,0,0,0,0,0,0,156,0,7,0,0,0,0,0,2,0
112147,0,6,0,102,2,6,0,10,1,0,0,85,0,0,2,47,0,0,0,2,61,0,0,136,0,0,31,22,0,0,0,0,0,32,70,0,15,2,0,0,0,0,5,0
187504,0,2,0,58,1,2,0,6,0,0,0,52,0,0,0,29,0,0,0,2,40,0,0,51,0,0,28,10,0,0,0,0,0,3,87,0,5,0,0,0,0,0,0,0
274366,0,1,0,55,1,0,0,5,0,0,0,80,0,0,0,58,0,0,0,0,108,0,0,52,0,0,38,10,0,0,0,0,0,1,56,0,13,0,0,0,0,0,0,0
257347,0,0,0,50,1,1,0,1,0,0,0,10,0,0,0,6,0,0,0,0,6,0,0,17,0,0,1,2,0,0,0,0,0,750,228,0,3,0,0,0,0,0,1,0
366286,0,0,0,0,0,0,0,0,0,0,0,1,0,0,0,0,0,0,0,0,0,0,0,0,0,0,0,0,0,0,0,0,0,2,1,0,0,1,0,0,0,0,0,0
61990,0,0,0,3,0,0,0,0,0,0,0,2,0,0,0,1,0,0,0,0,0,0,0,4,0,0,1,0,0,0,0,0,0,1,3,0,0,1,0,0,0,0,0,0
321368,0,0,0,11,0,0,0,0,0,0,0,4,0,0,0,0,0,0,0,0,6,0,0,7,0,0,0,1,0,0,0,0,0,9,6,0,0,1,0,0,0,0,0,0
258388,0,1,0,38,0,0,0,3,0,0,0,29,0,0,0,12,0,0,0,0,14,0,0,51,0,0,11,4,0,0,0,0,0,6,28,0,5,1,0,0,0,0,0,0
87700,0,1,0,6,0,1,0,0,0,0,0,8,0,0,0,7,0,0,0,1,4,0,0,11,0,0,5,2,0,0,0,0,0,4,20,0,1,1,0,0,0,0,0,0
280312,0,0,0,52,0,1,0,0,0,0,1,20,0,0,0,4,0,0,0,0,9,0,0,17,0,0,2,2,0,0,0,0,0,54,113,0,1,1,0,0,0,0,0,0
335112,0,2,0,100,0,6,0,11,0,0,0,46,0,0,1,28,0,0,0,1,52,0,0,75,0,0,25,20,0,0,0,0,0,291,70,0,9,1,0,0,0,0,1,0
226940,0,0,0,19,0,0,0,1,0,0,0,8,0,0,0,6,0,0,0,0,6,0,0,10,0,0,1,1,0,0,0,0,0,55,202,0,4,1,0,0,0,0,2,0
78475,0,0,0,114,0,1,0,2,0,0,0,21,0,0,0,15,0,0,0,0,7,0,0,37,0,0,2,1,0,0,0,0,0,253,84,0,0,1,0,0,0,0,0,0
367242,0,1,0,129,0,2,0,0,0,0,0,49,0,0,0,10,0,0,0,1,22,0,0,85,0,0,10,2,0,0,0,0,0,222,180,0,1,1,0,0,0,0,0,0
154184,0,2,0,14,0,2,0,7,0,0,0,9,0,0,1,13,0,0,0,2,11,0,0,14,0,0,13,5,0,0,0,0,0,1,47,0,3,1,0,0,0,0,0,0
68679,0,0,0,37,0,1,0,4,0,0,0,16,0,0,0,5,0,0,0,1,14,0,0,30,0,0,7,3,0,0,0,0,0,21,27,0,1,1,0,0,0,0,2,0
402212,0,1,0,21,0,0,0,2,0,0,0,23,0,0,1,7,0,0,0,0,19,0,0,28,0,0,10,4,0,0,0,0,0,50,64,0,4,1,0,0,0,0,1,0
108001,0,0,0,99,0,0,0,1,0,0,0,48,0,0,1,12,0,0,0,0,30,0,0,69,0,0,4,6,0,0,0,0,0,207,160,0,3,1,0,0,0,0,2,0
194238,0,0,0,164,0,0,0,1,0,0,0,26,0,0,0,15,0,0,0,1,23,0,2,49,0,0,6,3,0,0,0,0,0,318,126,0,3,1,0,0,0,0,1,0
52434,0,5,0,180,0,7,0,6,0,0,1,97,0,0,2,34,0,0,0,4,65,0,1,115,0,0,44,26,0,0,0,0,0,8,109,0,21,3,0,0,0,0,1,0
272010,0,0,0,88,0,0,0,1,0,0,0,22,0,0,0,7,0,0,0,0,11,0,0,38,0,0,3,0,0,0,0,0,0,196,302,0,4,1,0,0,0,0,0,0
92604,0,0,0,101,0,3,0,1,0,0,0,71,0,0,0,30,0,0,0,1,26,0,0,174,0,0,13,11,0,0,0,0,0,182,89,0,2,1,0,0,0,0,2,0
374306,0,0,0,55,0,6,0,5,0,0,0,52,0,0,0,24,0,1,0,1,33,0,1,38,0,0,21,11,0,0,0,0,0,6,170,0,6,1,0,0,0,0,4,0
423286,0,0,1,18,0,0,0,5,0,0,0,23,0,0,1,7,0,0,0,1,11,0,1,41,0,0,4,4,0,0,0,0,0,36,30,0,3,1,0,0,0,0,1,0
250338,0,0,0,46,0,4,0,4,0,0,0,55,0,0,0,25,0,0,0,1,41,0,0,41,0,0,12,9,0,0,0,0,0,4,109,0,6,1,0,0,0,0,1,0
398096,0,2,2,176,1,7,1,16,0,0,0,109,0,0,3,72,0,0,0,3,86,0,1,97,0,0,42,33,0,0,1,0,0,62,276,0,21,2,0,0,0,0,3,0
346257,0,2,0,29,0,2,0,3,0,0,0,28,0,0,1,9,0,0,0,2,11,0,1,23,0,0,13,4,0,0,0,0,0,112,30,0,1,1,0,0,0,0,0,0
352973,0,0,0,1,0,0,0,0,0,0,0,0,0,0,0,0,0,0,0,0,0,0,0,1,0,0,0,0,0,0,0,0,0,132,57,0,1,0,0,0,0,0,0,0
186486,0,0,0,2,0,0,0,0,0,0,0,3,0,0,0,1,0,0,0,0,0,0,0,2,0,0,0,1,0,0,0,0,0,3,3,0,1,0,0,0,0,0,0,0
71380,0,0,0,3,0,0,0,0,0,0,0,1,0,0,0,0,0,0,0,0,0,0,0,6,0,0,0,0,0,0,0,0,0,1,11,0,1,0,0,0,0,0,0,0
73617,0,0,0,8,0,0,0,0,0,0,0,2,0,0,0,3,0,0,0,0,1,0,0,3,0,0,0,0,0,0,0,0,0,12,12,0,1,0,0,0,0,0,0,0
23986,0,0,0,6,0,0,0,0,0,0,0,2,0,0,0,0,0,0,0,0,1,0,0,6,0,0,0,0,0,0,0,0,0,29,14,0,1,0,0,0,0,0,0,0
9755,0,0,0,0,0,0,0,1,0,0,0,0,0,0,0,1,0,0,0,0,1,0,0,0,0,0,0,0,0,0,0,0,0,1,0,0,1,0,0,0,0,0,0,0
278424,0,0,0,0,0,0,0,0,0,0,0,1,0,0,0,3,0,0,0,0,0,0,0,4,0,0,0,0,0,0,0,0,0,0,1,0,1,0,0,0,0,0,1,0
191020,0,0,0,9,0,0,0,0,0,0,0,4,0,0,0,0,0,0,0,0,4,0,0,8,0,0,0,0,0,0,0,0,0,18,14,0,1,0,0,0,0,0,0,0
186854,0,0,0,1,0,0,0,0,0,0,0,1,0,0,0,0,0,0,0,0,0,0,0,4,0,0,0,0,0,0,0,0,0,0,0,0,1,0,0,0,0,0,0,0
147147,0,0,1,13,0,0,0,0,0,0,0,5,0,0,0,4,0,0,0,0,5,0,0,8,0,0,1,1,0,0,0,0,0,19,16,0,1,0,0,0,0,0,0,0
55504,0,0,0,7,0,0,0,0,0,0,0,3,0,0,0,0,0,0,0,0,2,0,0,19,0,0,0,0,0,0,0,0,0,1,7,0,1,0,0,0,0,0,0,0
148791,0,0,0,1,0,0,0,0,0,0,0,2,0,0,0,0,0,0,0,0,0,0,0,1,0,0,0,0,0,0,0,0,0,69,2,0,1,0,0,0,0,0,1,0
420350,0,0,0,3,0,0,0,0,0,0,0,1,0,0,0,2,0,0,0,0,1,0,0,1,0,0,0,1,0,0,0,0,0,0,0,0,1,0,0,0,0,0,0,0
266527,0,0,0,22,0,0,0,0,0,0,0,5,0,0,0,3,0,0,0,0,2,0,0,15,0,0,3,0,0,0,0,0,0,121,53,0,1,0,0,0,0,0,0,0
220644,0,0,0,61,0,0,0,0,0,0,0,14,0,0,0,5,0,0,0,0,11,0,0,29,0,0,2,1,0,0,0,0,0,202,122,0,1,0,0,0,0,0,0,0
1483,0,0,0,36,0,0,0,1,0,0,0,7,0,0,0,0,0,0,0,0,2,0,0,10,0,0,4,1,0,0,0,0,0,23,228,0,1,0,0,0,0,0,0,0
170912,0,0,0,19,0,0,0,0,0,0,0,5,0,0,0,0,0,0,0,0,7,0,0,6,0,0,0,1,0,0,0,0,0,44,59,0,1,0,0,0,0,0,0,0
181580,0,0,0,58,0,0,0,0,0,0,0,7,0,0,0,2,0,0,0,0,6,0,0,9,0,0,3,0,0,0,0,0,0,59,32,0,2,0,0,0,0,0,0,0
261431,0,0,0,51,0,0,0,2,0,0,0,20,0,0,0,8,0,0,0,0,8,0,0,27,0,0,9,6,0,0,0,0,0,12,32,0,1,0,0,0,0,0,1,0
7050,0,0,0,8,0,0,0,2,0,0,0,7,0,0,0,3,0,0,0,0,8,0,0,7,0,0,5,2,0,0,0,0,0,13,8,0,2,0,0,0,0,0,2,0
295116,0,0,0,0,0,0,0,0,0,0,0,0,0,0,0,0,0,0,0,0,0,0,0,0,0,0,0,0,0,0,0,0,0,15,4,0,1,0,0,0,0,0,0,0
325956,0,0,0,3,0,0,0,1,0,0,0,2,0,0,0,0,0,0,0,1,2,0,0,1,0,0,3,3,0,0,0,0,0,0,0,0,5,0,0,0,0,0,0,0
27778,0,0,0,0,0,0,0,0,0,0,0,0,0,0,0,0,0,0,0,0,0,0,0,0,0,0,0,0,0,0,0,0,0,0,1,0,0,0,0,0,0,0,0,0
111909,0,0,0,0,0,0,0,0,0,0,0,0,0,0,0,0,0,0,0,0,0,0,0,0,0,0,0,0,0,0,0,0,0,0,1,0,0,0,0,0,0,0,0,0
390226,0,0,0,0,0,0,0,0,0,0,0,0,0,0,0,0,0,0,0,0,0,0,0,0,0,0,0,0,0,0,0,0,0,0,1,0,0,0,0,0,0,0,0,0
298724,0,0,0,0,0,0,0,0,0,0,0,0,0,0,0,0,0,0,0,0,0,0,0,0,0,0,0,0,0,0,0,0,0,0,1,0,0,0,0,0,0,0,0,0
117131,0,0,0,0,0,0,0,0,0,0,0,0,0,0,0,0,0,0,0,0,0,0,0,0,0,0,0,0,0,0,0,0,0,0,1,0,0,0,0,0,0,0,0,0
330523,0,0,0,0,0,0,0,0,0,0,0,0,0,0,0,0,0,0,0,0,0,0,0,1,0,0,0,0,0,0,0,0,0,0,1,0,0,0,0,0,0,0,0,0
27526,0,0,0,1,0,0,0,0,0,0,0,1,0,0,0,0,0,0,0,0,0,0,0,0,0,0,0,0,0,0,0,0,0,0,1,0,0,0,0,0,0,0,0,0
363086,0,0,0,1,0,0,0,0,0,0,0,0,0,0,0,0,0,0,0,0,0,0,0,0,0,0,0,0,0,0,0,0,0,0,1,0,0,0,0,0,0,0,0,0
380590,0,0,0,0,0,0,0,0,0,0,0,0,0,0,0,0,0,0,0,0,0,0,0,0,0,0,0,0,0,0,0,0,0,0,1,0,0,0,0,0,0,0,0,0
222905,0,0,0,0,0,0,0,0,0,0,0,0,0,0,0,0,0,0,0,0,0,0,0,0,0,0,0,0,0,0,0,0,0,0,1,0,0,0,0,0,0,0,0,0
378244,0,0,0,1,0,0,0,0,0,0,0,0,0,0,0,0,0,0,0,0,0,0,0,0,0,0,0,0,0,0,0,0,0,0,1,0,0,0,0,0,0,0,0,0
174678,0,0,0,0,0,0,0,0,0,0,0,0,0,0,0,0,0,0,0,0,0,0,0,0,0,0,0,0,0,0,0,0,0,0,1,0,0,0,0,0,0,0,0,0
241192,0,0,0,0,0,0,0,0,0,0,0,0,0,0,0,0,0,0,0,0,0,0,0,0,0,0,0,0,0,0,0,0,0,0,1,0,0,0,0,0,0,0,0,0
59902,0,0,0,2,0,0,0,0,0,0,0,0,0,0,0,0,0,0,0,0,0,0,0,1,0,0,0,0,0,0,0,0,0,0,1,0,0,0,0,0,0,0,0,0
146135,0,0,0,0,0,0,0,0,0,0,0,0,0,0,0,0,0,0,0,0,0,0,0,0,0,0,0,0,0,0,0,0,0,0,1,0,0,0,0,0,0,0,0,0
39203,0,0,0,0,0,0,0,0,0,0,0,0,0,0,0,0,0,0,0,0,0,0,0,0,0,0,0,0,0,0,0,0,0,0,1,0,0,0,0,0,0,0,0,0
5051,0,0,0,0,0,0,0,0,0,0,0,0,0,0,0,0,0,0,0,0,0,0,0,0,0,0,0,0,0,0,0,0,0,0,1,0,0,0,0,0,0,0,0,0
420171,0,0,0,1,0,0,0,0,0,0,0,0,0,0,0,0,0,0,0,0,0,0,0,0,0,0,0,0,0,0,0,0,0,0,1,0,0,0,0,0,0,0,0,0
237617,0,0,0,0,0,0,0,0,0,0,0,0,0,0,0,0,0,0,0,0,0,0,0,0,0,0,0,0,0,0,0,0,0,0,1,0,0,0,0,0,0,0,0,0
39363,0,0,0,14,0,0,0,0,0,0,0,2,0,1,0,0,0,0,0,0,4,0,0,2,0,0,4,0,0,0,0,0,0,10,16,0,0,0,0,0,0,0,0,0
25897,0,0,0,139,0,3,0,2,0,0,0,84,0,1,0,30,0,0,0,1,48,0,0,105,0,0,25,12,0,0,0,0,0,139,219,0,4,0,0,0,0,0,0,0
2819,0,1,0,39,0,2,0,2,0,0,0,33,0,1,0,12,0,0,0,0,16,0,0,55,0,0,10,12,0,0,0,0,0,13,29,0,10,0,0,0,0,0,2,0
47953,0,0,0,54,0,1,0,0,0,0,0,14,0,1,0,7,0,0,0,0,10,0,0,35,0,0,4,7,0,0,0,0,0,413,181,0,2,0,0,0,0,0,0,0
295770,0,0,0,29,0,0,0,1,0,0,0,34,0,1,0,12,0,0,0,1,18,0,0,27,0,0,7,11,0,0,0,0,0,2,24,0,6,0,0,0,0,0,0,0
289029,0,1,0,64,0,1,0,1,0,0,0,11,0,1,0,5,0,0,0,0,2,0,0,27,0,0,2,0,0,0,0,0,0,50,325,0,2,0,0,0,0,0,0,0
213808,0,4,0,52,0,3,0,5,0,0,1,36,0,1,1,23,0,0,0,3,38,0,0,38,0,0,14,13,0,0,0,0,0,101,75,0,5,0,0,0,0,0,1,0
45566,0,5,0,262,0,7,0,11,0,0,0,91,0,1,1,53,0,0,0,1,84,0,0,84,0,0,32,16,0,0,0,0,0,24,264,0,5,0,1,0,0,0,3,0
249170,0,0,0,23,1,4,0,2,0,0,0,11,0,1,0,9,0,0,0,0,12,0,0,16,0,0,10,2,0,0,0,0,0,2,23,0,7,1,0,0,0,0,0,0
2587,0,0,0,92,0,0,0,0,0,0,0,17,0,1,0,10,0,0,0,0,14,0,0,44,0,0,2,1,0,0,0,0,0,341,94,0,1,0,0,0,0,0,0,0
292093,0,0,0,22,0,2,0,0,0,0,0,23,0,1,0,15,0,0,0,1,17,0,0,23,0,0,14,7,0,0,0,0,0,2,11,0,2,0,0,0,0,0,0,0
223456,0,1,0,114,0,1,0,1,0,0,1,34,0,1,1,38,0,0,0,2,35,0,0,49,0,0,18,12,0,0,0,0,0,6,183,0,4,0,0,0,0,0,2,0
115648,0,0,0,299,0,0,0,0,0,0,0,70,0,1,1,26,0,0,0,2,47,0,0,243,0,0,11,8,0,0,0,0,0,50,217,0,2,0,0,0,0,0,0,0
109138,0,0,0,51,0,0,0,4,0,0,0,67,0,1,0,27,0,1,0,1,54,0,1,48,0,0,13,5,0,0,0,0,0,1,119,0,3,0,0,0,0,0,0,0
373899,0,3,0,46,0,4,0,7,0,0,0,25,0,1,1,17,0,0,0,2,23,0,2,30,0,0,12,12,1,0,0,0,0,35,177,0,9,1,0,0,0,0,0,0
65288,0,1,0,90,0,1,0,1,0,0,0,108,0,1,1,34,0,0,0,0,74,0,0,129,0,0,16,9,0,0,0,0,0,9,258,0,4,0,0,0,0,0,1,0
25414,0,5,0,138,0,8,0,17,0,0,0,101,0,1,2,46,0,0,0,0,59,0,0,101,0,0,35,22,1,0,0,0,0,3,289,0,18,0,0,0,0,0,8,0
410757,0,2,0,51,0,3,0,2,0,0,0,35,0,2,2,21,0,0,0,2,23,0,0,34,0,0,9,8,0,0,0,0,0,20,65,0,7,0,0,0,0,0,0,0
394832,0,0,0,4,0,0,0,0,0,0,0,1,0,0,0,1,0,0,0,0,0,0,0,1,0,0,1,0,0,0,0,0,0,104,7,0,0,0,0,0,0,0,0,0
238058,0,0,0,18,0,0,0,0,0,0,0,2,0,0,0,0,0,0,0,0,0,0,0,7,0,0,1,0,0,0,0,0,0,23,33,0,0,0,0,0,0,0,0,0
160172,0,0,0,0,0,0,0,0,0,0,0,1,0,0,0,1,0,0,0,0,1,0,0,1,0,0,1,0,0,0,0,0,0,0,0,0,0,0,0,0,0,0,1,0
381730,0,0,0,15,0,0,0,1,0,0,0,4,0,0,0,3,0,0,0,0,2,0,0,12,0,0,1,0,0,0,0,0,0,55,55,0,0,0,0,0,0,0,0,0
8252,0,0,0,1,0,0,0,0,0,0,0,1,0,0,0,1,0,0,0,0,0,0,0,2,0,0,1,1,0,0,0,0,0,0,0,0,0,0,0,0,0,0,0,0
379686,0,0,0,2,0,0,0,0,0,0,0,1,0,0,0,1,0,0,0,0,1,0,0,0,0,0,1,0,0,0,0,0,0,0,0,0,0,0,0,0,0,0,0,0
228983,0,0,0,19,0,0,0,1,0,0,0,2,0,0,0,2,0,0,0,0,2,0,0,7,0,0,1,0,0,0,0,0,0,26,26,0,0,0,0,0,0,0,0,0
127177,0,0,0,61,0,0,0,0,0,0,0,14,0,0,0,2,0,0,0,0,8,0,0,21,0,0,2,1,0,0,0,0,0,1,29,0,0,0,0,0,0,0,0,0
185731,0,0,0,54,0,0,0,0,0,0,0,10,0,0,0,1,0,0,0,0,5,0,0,24,0,0,1,0,0,0,0,0,0,1,20,0,0,0,0,0,0,0,0,0
6808,0,0,0,14,0,0,0,0,0,0,0,7,0,0,0,1,0,0,0,0,3,0,0,8,0,0,1,1,0,0,0,0,0,19,8,0,0,0,0,0,0,0,0,0
17795,0,0,0,7,0,0,0,0,0,0,0,14,0,0,0,2,0,0,0,0,2,0,0,6,0,0,1,3,0,0,0,0,0,25,5,0,0,0,0,0,0,0,0,0
213342,0,0,0,1,0,0,0,0,0,0,0,6,0,0,0,0,0,0,0,0,1,0,0,1,0,0,1,0,0,0,0,0,0,1,1,0,0,0,0,0,0,0,0,0
148092,0,0,0,4,0,0,0,0,0,0,0,7,0,0,0,4,0,0,0,0,6,0,0,3,0,0,1,2,0,0,0,0,0,3,2,0,0,0,0,0,0,0,0,0
183504,0,0,0,17,0,0,0,1,0,0,0,1,0,0,0,1,0,0,0,0,1,0,0,6,0,0,1,1,0,0,0,0,0,22,9,0,1,0,0,0,0,0,0,0
183869,0,0,0,13,0,0,0,0,0,0,0,4,0,0,0,2,0,0,0,0,4,0,0,14,0,0,1,0,0,0,0,0,0,24,35,0,0,0,0,0,0,0,0,0
205358,0,0,0,8,0,0,0,1,0,0,0,25,0,0,0,4,0,0,0,0,3,0,0,103,0,0,3,0,0,0,0,0,0,1,8,0,0,0,0,0,0,0,0,0
75569,0,0,0,1,0,0,0,0,0,0,0,1,0,0,0,1,0,0,0,0,1,0,0,2,0,0,1,0,0,0,0,0,0,0,1,0,0,0,0,0,0,0,0,0
248269,0,0,0,4,0,0,0,2,0,0,1,3,0,0,0,5,0,0,0,0,6,0,0,5,0,0,2,1,0,0,0,0,0,1,0,0,0,0,0,0,0,0,0,0
242161,0,0,0,0,0,0,0,0,0,0,0,0,0,0,0,0,0,0,0,0,0,0,0,0,0,0,0,0,0,0,0,0,0,1,0,0,0,0,0,0,0,0,0,0
210239,0,0,0,0,0,0,0,0,0,0,0,0,0,0,0,0,0,0,0,0,0,0,0,0,0,0,0,0,0,0,0,0,0,1,0,0,0,0,0,0,0,0,0,0
93462,0,0,0,0,0,0,0,0,0,0,0,0,0,0,0,0,0,0,0,0,0,0,0,0,0,0,0,0,0,0,0,0,0,1,0,0,0,0,0,0,0,0,0,0
62349,0,0,0,0,0,0,0,0,0,0,0,0,0,0,0,0,0,0,0,0,0,0,0,0,0,0,0,0,0,0,0,0,0,1,0,0,0,0,0,0,0,0,0,0
178637,0,0,0,0,0,0,0,0,0,0,0,0,0,0,0,0,0,0,0,0,0,0,0,0,0,0,0,0,0,0,0,0,0,1,0,0,0,0,0,0,0,0,0,0
383572,0,0,0,0,0,0,0,0,0,0,0,0,0,0,0,0,0,0,0,0,0,0,0,0,0,0,0,0,0,0,0,0,0,1,0,0,0,0,0,0,0,0,0,0
164195,0,0,0,0,0,0,0,0,0,0,0,0,0,0,0,0,0,0,0,0,0,0,0,0,0,0,0,0,0,0,0,0,0,1,0,0,0,0,0,0,0,0,0,0
206773,0,0,0,0,0,0,0,0,0,0,0,0,0,0,0,0,0,0,0,0,0,0,0,0,0,0,0,0,0,0,0,0,0,1,0,0,0,0,0,0,0,0,0,0
152671,0,0,0,0,0,0,0,0,0,0,0,0,0,0,0,0,0,0,0,0,0,0,0,0,0,0,0,0,0,0,0,0,0,1,0,0,0,0,0,0,0,0,0,0
356841,0,0,0,0,0,0,0,0,0,0,0,0,0,0,0,0,0,0,0,0,0,0,0,0,0,0,0,0,0,0,0,0,0,1,0,0,0,0,0,0,0,0,0,0
338503,0,0,0,0,0,0,0,0,0,0,0,0,0,0,0,0,0,0,0,0,0,0,0,0,0,0,0,0,0,0,0,0,0,1,0,0,0,0,0,0,0,0,0,0
55643,0,0,0,0,0,0,0,0,0,0,0,0,0,0,0,0,0,0,0,0,0,0,0,0,0,0,0,0,0,0,0,0,0,1,0,0,0,0,0,0,0,0,0,0
395834,0,0,0,0,0,0,0,0,0,0,0,0,0,0,0,0,0,0,0,0,0,0,0,0,0,0,0,0,0,0,0,0,0,1,0,0,0,0,0,0,0,0,0,0
240261,0,0,0,0,0,0,0,0,0,0,0,0,0,0,0,0,0,0,0,0,0,0,0,0,0,0,0,0,0,0,0,0,0,2,1,0,0,0,0,0,0,0,0,0
29044,0,0,0,0,0,0,0,0,0,0,0,0,0,0,0,0,0,0,0,0,0,0,0,0,0,0,0,0,0,0,0,0,0,1,1,0,0,0,0,0,0,0,0,0
323398,0,0,0,0,0,0,0,0,0,0,0,0,0,0,0,0,0,0,0,0,0,0,0,0,0,0,0,0,0,0,0,0,0,1,0,0,0,0,0,0,0,0,0,0
231423,0,0,0,0,0,0,0,0,0,0,0,0,0,0,0,0,0,0,0,0,0,0,0,0,0,0,0,0,0,0,0,0,0,1,0,0,0,0,0,0,0,0,0,0
55288,0,0,0,0,0,0,0,0,0,0,0,0,0,0,0,0,0,0,0,0,0,0,0,0,0,0,0,0,0,0,0,0,0,1,0,0,0,0,0,0,0,0,0,0
160634,0,0,0,0,0,0,0,0,0,0,0,0,0,0,0,0,0,0,0,0,0,0,0,0,0,0,0,0,0,0,0,0,0,1,0,0,0,0,0,0,0,0,0,0
323974,0,0,0,0,0,0,0,0,0,0,0,0,0,0,0,0,0,0,0,0,0,0,0,0,0,0,0,0,0,0,0,0,0,1,0,0,0,0,0,0,0,0,0,0
397004,0,0,0,0,0,0,0,0,0,0,0,0,0,0,0,0,0,0,0,0,0,0,0,0,0,0,0,0,0,0,0,0,0,1,0,0,0,0,0,0,0,0,0,0
231784,0,0,0,0,0,0,0,0,0,0,0,0,0,0,0,0,0,0,0,0,0,0,0,0,0,0,0,0,0,0,0,0,0,1,0,0,0,0,0,0,0,0,0,0
7733,0,0,0,0,0,0,0,0,0,0,0,0,0,0,0,0,0,0,0,0,0,0,0,0,0,0,0,0,0,0,0,0,0,13,0,0,0,0,0,0,0,0,0,0
303394,0,0,0,105,0,1,0,2,0,0,0,35,0,0,0,14,0,0,0,0,28,0,0,69,0,0,8,6,0,0,0,0,0,232,128,0,5,0,0,0,0,0,0,1
26588,0,0,0,15,0,1,0,0,0,0,0,8,0,0,0,4,0,0,0,2,6,0,0,15,0,0,1,1,0,0,0,0,0,4,4,0,2,0,0,0,0,0,0,1
328124,0,2,0,176,0,2,0,2,0,0,0,87,0,0,1,36,0,0,0,1,51,0,0,113,0,0,22,11,0,0,0,0,0,22,94,0,14,0,0,0,0,0,1,1
299475,0,1,0,37,0,1,0,2,0,0,1,18,0,0,1,10,0,0,0,2,19,0,0,38,0,0,4,2,0,0,0,0,0,21,34,0,3,0,0,0,0,0,1,1
332334,0,1,0,74,0,1,0,5,0,0,0,21,0,0,2,19,0,0,0,2,13,0,0,39,0,0,7,3,0,0,0,0,0,28,62,0,2,0,0,0,0,0,3,1
287964,0,0,0,36,0,1,0,3,0,0,0,10,0,0,0,2,0,0,0,0,4,0,0,6,0,0,3,2,0,0,0,0,0,32,23,0,1,0,0,0,0,0,2,1
422367,0,0,1,16,0,1,0,1,1,0,0,6,0,0,0,3,0,0,0,0,3,0,0,8,0,0,1,1,0,0,0,0,0,85,63,0,1,0,0,0,0,0,0,1
87467,0,0,0,46,0,4,0,2,0,0,0,10,0,0,1,13,0,0,0,2,12,0,1,31,0,0,9,3,0,0,0,0,0,3,57,0,3,0,0,0,0,0,2,1
307621,0,7,0,172,0,8,0,7,0,0,2,111,0,0,2,43,0,0,0,5,66,0,1,141,0,0,46,36,0,0,0,0,0,6,142,0,23,1,0,0,0,0,6,1
333331,0,2,0,28,0,2,0,5,0,0,0,39,0,0,2,15,0,0,0,0,26,0,0,46,0,0,9,9,0,1,0,0,0,0,18,0,11,0,0,0,0,0,1,1
186751,0,3,0,109,0,2,0,3,0,0,0,64,0,0,0,30,0,0,0,2,44,0,0,70,0,0,19,10,0,0,0,0,0,1,150,0,2,0,0,0,0,0,1,1
150676,0,2,0,18,0,3,0,3,0,0,1,16,0,0,1,24,0,0,0,4,9,0,0,19,0,0,15,5,0,0,0,0,0,3,14,0,7,2,0,0,0,0,0,1
315670,0,3,1,175,0,4,0,10,0,0,0,146,0,2,1,57,0,0,0,1,92,0,1,144,0,0,31,19,1,0,0,0,0,31,347,0,8,0,0,0,0,1,1,1
226389,0,0,0,68,0,0,0,1,0,0,0,26,0,0,0,16,0,0,0,1,16,0,0,40,0,0,4,1,0,0,0,0,0,635,140,0,0,0,0,0,0,0,0,1
121829,0,1,0,74,0,3,0,4,0,0,0,39,0,0,0,18,0,0,0,0,29,0,0,41,0,0,13,2,0,0,0,0,0,6,221,0,2,0,0,0,0,0,0,1
170892,0,1,0,51,0,4,0,5,0,0,0,37,0,0,2,20,0,0,0,2,32,0,1,62,0,0,22,17,0,0,0,0,0,15,127,0,14,1,0,0,0,0,2,1
189250,1,2,0,102,0,3,0,6,0,0,0,87,0,0,1,51,0,0,0,1,86,0,0,96,0,0,23,14,0,0,0,0,0,6,178,0,3,0,0,0,0,0,3,1
4095,0,1,0,57,2,6,0,5,0,0,0,32,0,0,1,18,0,0,0,1,25,0,2,39,0,0,16,11,0,0,0,0,0,4,66,0,8,0,0,0,0,0,3,1
63911,0,2,0,80,0,4,0,7,0,0,0,43,0,0,0,12,0,0,0,0,24,1,0,52,0,0,12,12,0,0,0,0,0,4,80,0,9,0,0,0,0,0,0,1
318766,0,5,2,64,1,19,0,19,0,0,2,104,0,0,5,49,0,0,0,4,68,3,2,95,0,0,43,31,2,1,0,0,0,19,55,0,20,3,0,0,0,0,4,1
103417,0,0,0,122,0,2,0,2,0,0,0,17,0,0,0,10,0,0,0,0,18,0,0,59,0,0,7,5,0,0,0,0,0,8,114,0,1,0,0,0,0,0,1,1
355596,0,1,0,27,0,8,0,4,0,0,0,19,0,0,0,15,0,0,1,2,17,0,0,18,0,0,8,16,1,0,0,0,0,2,119,0,10,2,0,0,0,0,3,1
323233,0,0,0,0,0,1,0,0,0,0,0,0,0,0,0,0,0,0,0,0,0,0,0,1,0,0,0,0,0,0,0,0,0,0,0,0,0,0,0,0,0,0,0,0
362246,0,0,0,15,0,1,0,0,0,0,0,3,0,0,0,3,0,0,0,0,2,0,0,8,0,0,0,0,0,0,0,0,0,5,59,0,0,0,0,0,0,0,0,0
329659,0,0,0,1,0,1,0,0,0,0,0,1,0,0,0,0,0,0,0,0,0,0,0,0,0,0,0,0,0,0,0,0,0,3,1,0,0,0,0,0,0,0,0,0
287830,0,0,0,81,0,1,0,0,0,0,0,9,0,0,0,5,0,0,0,0,6,0,0,24,0,0,0,1,0,0,0,0,0,23,38,0,0,0,0,0,0,0,0,0
389419,0,0,0,14,0,1,0,0,0,0,0,2,0,0,0,1,0,0,0,0,1,0,0,7,0,0,1,0,0,0,0,0,0,24,13,0,0,0,0,0,0,0,0,0
410924,0,0,0,27,0,1,0,1,0,0,0,9,0,0,0,6,0,0,0,0,7,0,0,24,0,0,3,2,0,0,0,0,0,144,65,0,2,0,0,0,0,0,1,0
349238,0,0,0,41,0,1,0,0,0,0,0,7,0,0,0,1,0,0,0,0,3,0,0,24,0,0,3,0,0,0,0,0,0,245,55,0,0,0,0,0,0,0,0,0
407585,0,0,0,9,0,1,0,2,0,0,0,6,0,0,0,2,0,0,0,0,0,0,0,4,0,0,0,1,0,0,0,0,0,13,2,0,0,0,0,0,0,0,0,0
213593,0,0,0,0,0,1,0,0,0,0,0,0,0,0,0,0,0,0,0,0,1,0,0,0,0,0,1,0,0,0,0,0,0,0,0,0,0,0,0,0,0,0,0,0
134961,0,0,0,66,0,1,0,0,0,0,0,28,0,0,0,6,0,0,0,0,10,0,0,41,0,0,3,1,0,0,0,0,0,53,85,0,1,0,0,0,0,0,0,0
164165,0,0,0,27,0,1,0,0,0,0,0,0,0,0,0,5,0,0,0,0,2,0,0,13,0,0,3,1,0,0,0,0,0,10,28,0,0,0,0,0,0,0,0,0
398711,0,0,0,35,0,1,0,0,0,0,0,3,0,0,0,0,0,0,0,0,2,0,0,5,0,0,1,0,0,0,0,0,0,70,63,0,2,0,0,0,0,0,0,0
420771,0,0,0,24,0,1,0,1,0,0,0,11,0,0,0,6,0,0,0,0,8,0,0,17,0,0,1,0,0,0,0,0,0,87,46,0,1,0,0,0,0,0,0,0
139255,0,0,0,0,0,1,0,0,0,0,0,0,0,0,0,0,0,0,0,0,0,0,0,0,0,0,0,0,0,0,0,0,0,2,2,0,0,0,0,0,0,0,0,0
346702,0,0,0,9,0,1,0,2,0,0,0,13,0,0,0,1,0,0,0,0,6,0,0,21,0,0,2,6,0,0,0,0,0,365,56,0,2,0,0,0,0,0,0,0
146437,0,0,0,41,0,1,0,0,0,0,0,22,0,0,0,7,0,0,0,0,6,0,0,36,0,0,0,1,0,0,0,0,0,62,45,0,1,0,0,0,0,0,0,0
79936,0,0,0,147,0,1,0,1,0,0,0,50,0,0,0,7,0,0,0,0,17,0,0,72,0,0,5,1,0,0,0,0,0,135,77,0,2,0,0,0,0,0,0,0
140739,0,0,0,18,0,1,0,1,0,0,0,3,0,0,0,2,0,0,0,0,6,0,0,12,0,0,1,3,0,0,0,0,0,6,10,0,4,0,0,0,0,0,0,0
51904,0,0,0,61,0,2,0,2,0,0,0,22,0,0,0,14,0,0,0,0,17,0,0,26,0,0,8,7,0,0,0,0,0,24,36,0,3,0,0,0,0,0,1,0
101539,0,0,0,48,0,1,0,1,0,0,0,5,0,0,0,1,0,0,0,0,6,0,0,17,0,0,0,0,0,0,0,0,0,58,79,0,1,0,0,0,0,0,0,0
52876,0,0,1,133,0,1,0,5,0,0,0,49,0,0,0,24,0,0,0,1,36,0,0,82,0,0,15,7,0,0,0,0,0,96,141,0,4,0,0,0,0,0,0,0
78134,0,0,0,1,0,1,0,0,0,0,0,1,0,0,0,0,0,0,0,0,0,0,0,2,0,0,0,0,0,0,0,0,0,13,4,0,0,0,0,0,0,0,0,0
224320,0,0,0,28,0,1,0,0,0,0,0,9,0,0,0,5,0,0,0,0,7,0,0,11,0,0,3,5,0,0,0,0,0,348,37,0,0,0,0,0,0,0,0,0
316949,0,0,0,1,0,0,0,0,0,0,0,1,0,0,0,0,0,0,0,0,1,0,0,0,0,0,0,0,0,0,0,0,0,10,1,0,0,0,0,0,0,0,0,0
83944,0,0,0,2,0,0,0,0,0,0,0,1,0,0,0,0,0,0,0,0,1,0,0,3,0,0,0,0,0,0,0,0,0,56,3,0,0,0,0,0,0,0,0,0
204336,0,0,0,1,0,0,0,0,0,0,0,2,0,0,0,0,0,0,0,0,1,0,0,0,0,0,0,0,0,0,0,0,0,10,76,0,0,0,0,0,0,0,0,0
242028,0,0,0,7,0,0,0,0,0,0,0,4,0,0,0,1,0,0,0,0,1,0,0,3,0,0,0,1,0,0,0,0,0,29,21,0,0,0,0,0,0,0,0,0
385507,0,0,0,11,0,0,0,0,0,0,0,1,0,0,0,0,0,0,0,0,2,0,0,6,0,0,0,0,0,0,0,0,0,29,11,0,0,0,0,0,0,0,0,0
290660,0,0,0,13,0,0,0,0,0,0,0,0,0,0,0,0,0,0,0,0,1,0,0,2,0,0,0,0,0,0,0,0,0,27,50,0,0,0,0,0,0,0,0,0
299282,0,0,0,2,0,0,0,0,0,0,0,0,0,0,0,1,0,0,0,0,1,0,0,1,0,0,0,0,0,0,0,0,0,0,3,0,0,0,0,0,0,0,0,0
387013,0,0,0,2,0,0,0,0,0,0,0,0,0,0,0,1,0,0,0,0,1,0,0,4,0,0,0,0,0,0,0,0,0,6,12,0,0,0,0,0,0,0,0,0
208137,0,0,0,5,0,0,0,0,0,0,0,4,0,0,0,0,0,0,0,0,1,0,0,10,0,0,0,0,0,0,0,0,0,80,13,0,0,0,0,0,0,0,0,0
